album,artists,disc_number,duration_ms,episode,explicit,external_ids,external_urls,href,id,is_local,name,popularity,preview_url,track,track_number,type,uri,available_markets
Sylvan Esso,['Sylvan Esso'],1,268213,FALSE,FALSE,{'isrc': 'USBQU1400001'},{'spotify': 'https://open.spotify.com/track/30GGIrrJdSNtecPiFcVP5O'},https://api.spotify.com/v1/tracks/30GGIrrJdSNtecPiFcVP5O,30GGIrrJdSNtecPiFcVP5O,FALSE,Coffee,61,https://p.scdn.co/mp3-preview/f3888e1ddd1fb009d6659851cf5ea35e3da75182?cid=616b3b0f6c8a4ae3984ad23275a44dfb,TRUE,7,track,spotify:track:30GGIrrJdSNtecPiFcVP5O,
Sylvan Esso,['Sylvan Esso'],1,229840,FALSE,FALSE,{'isrc': 'USBQU1400004'},{'spotify': 'https://open.spotify.com/track/29yWkZYR3x5KviEWmoKcUk'},https://api.spotify.com/v1/tracks/29yWkZYR3x5KviEWmoKcUk,29yWkZYR3x5KviEWmoKcUk,FALSE,Dress,45,https://p.scdn.co/mp3-preview/8394d363f25719f6736b79dd7931f2911718506a?cid=616b3b0f6c8a4ae3984ad23275a44dfb,TRUE,5,track,spotify:track:29yWkZYR3x5KviEWmoKcUk,
Plural,['Electric Guest'],1,217586,FALSE,FALSE,{'isrc': 'USUM71614152'},{'spotify': 'https://open.spotify.com/track/1kcfGBb6kSrGqNIMW7rAlB'},https://api.spotify.com/v1/tracks/1kcfGBb6kSrGqNIMW7rAlB,1kcfGBb6kSrGqNIMW7rAlB,FALSE,Oh Devil,56,https://p.scdn.co/mp3-preview/f2e486db3b422c91c10552a47df2c8ae7cec6d09?cid=616b3b0f6c8a4ae3984ad23275a44dfb,TRUE,5,track,spotify:track:1kcfGBb6kSrGqNIMW7rAlB,
B.L.I.S.S.,['Souly Had'],1,159813,FALSE,FALSE,{'isrc': 'QZAPG1772121'},{'spotify': 'https://open.spotify.com/track/0FtuxFKzjbVCQAA3UQZXll'},https://api.spotify.com/v1/tracks/0FtuxFKzjbVCQAA3UQZXll,0FtuxFKzjbVCQAA3UQZXll,FALSE,Crush,57,https://p.scdn.co/mp3-preview/94782cdf03902629d302203b611ed2819df86e75?cid=616b3b0f6c8a4ae3984ad23275a44dfb,TRUE,2,track,spotify:track:0FtuxFKzjbVCQAA3UQZXll,
PSYCHODRAMA,"['Dave', 'J Hus']",1,240160,FALSE,TRUE,{'isrc': 'GBUM71900581'},{'spotify': 'https://open.spotify.com/track/3rqmxZNh2BRgJ3BiCPFTSG'},https://api.spotify.com/v1/tracks/3rqmxZNh2BRgJ3BiCPFTSG,3rqmxZNh2BRgJ3BiCPFTSG,FALSE,Disaster (feat. J Hus),62,https://p.scdn.co/mp3-preview/bdd54d85fb12047a6bc281695468fa5a04c1648a?cid=616b3b0f6c8a4ae3984ad23275a44dfb,TRUE,6,track,spotify:track:3rqmxZNh2BRgJ3BiCPFTSG,
Life Of A Ghost,['Blue Foundation'],1,302826,FALSE,FALSE,{'isrc': 'DKABA0700900'},{'spotify': 'https://open.spotify.com/track/3XHrTm6WE2BOHafLwTT3GR'},https://api.spotify.com/v1/tracks/3XHrTm6WE2BOHafLwTT3GR,3XHrTm6WE2BOHafLwTT3GR,FALSE,Eyes on Fire,66,https://p.scdn.co/mp3-preview/aba14d8764b6ec60832cb58cbdf4624c899f3db3?cid=616b3b0f6c8a4ae3984ad23275a44dfb,TRUE,3,track,spotify:track:3XHrTm6WE2BOHafLwTT3GR,
Sylvan Esso,['Sylvan Esso'],1,200160,FALSE,FALSE,{'isrc': 'USBQU1400022'},{'spotify': 'https://open.spotify.com/track/7bp7QInQ5uIMzYjJqTtjVA'},https://api.spotify.com/v1/tracks/7bp7QInQ5uIMzYjJqTtjVA,7bp7QInQ5uIMzYjJqTtjVA,FALSE,Hey Mami,54,https://p.scdn.co/mp3-preview/4241c4c411e58c9f14b4352703c90e1132233091?cid=616b3b0f6c8a4ae3984ad23275a44dfb,TRUE,1,track,spotify:track:7bp7QInQ5uIMzYjJqTtjVA,
Skin,['Dijon'],1,230625,FALSE,FALSE,{'isrc': 'QM24S1808239'},{'spotify': 'https://open.spotify.com/track/467t3218y3yihFcyDGWjr0'},https://api.spotify.com/v1/tracks/467t3218y3yihFcyDGWjr0,467t3218y3yihFcyDGWjr0,FALSE,Skin,66,https://p.scdn.co/mp3-preview/b8dac2ff6f7f80e46fb0b916af14974304c082b8?cid=616b3b0f6c8a4ae3984ad23275a44dfb,TRUE,1,track,spotify:track:467t3218y3yihFcyDGWjr0,
MIXED EMOTIONS,['Jack Kays'],1,152500,FALSE,FALSE,{'isrc': 'USSM12005991'},{'spotify': 'https://open.spotify.com/track/0EUEtq224zqzpzPHof2qmL'},https://api.spotify.com/v1/tracks/0EUEtq224zqzpzPHof2qmL,0EUEtq224zqzpzPHof2qmL,FALSE,BOTTOM OF THE BOTTLE,60,https://p.scdn.co/mp3-preview/2259da7cad652d8e7bceafcfb61f18820553a339?cid=616b3b0f6c8a4ae3984ad23275a44dfb,TRUE,7,track,spotify:track:0EUEtq224zqzpzPHof2qmL,
Can't Hide,"['Whethan', 'Ashe']",1,184000,FALSE,FALSE,{'isrc': 'QM24S1650119'},{'spotify': 'https://open.spotify.com/track/7CotyU8EcChJlqOFnxPPmI'},https://api.spotify.com/v1/tracks/7CotyU8EcChJlqOFnxPPmI,7CotyU8EcChJlqOFnxPPmI,FALSE,Can't Hide,53,https://p.scdn.co/mp3-preview/254f252350f32fdfd0641f901bd2316841417cd6?cid=616b3b0f6c8a4ae3984ad23275a44dfb,TRUE,1,track,spotify:track:7CotyU8EcChJlqOFnxPPmI,
Trettmann,"['Trettmann', 'KitschKrieg', 'SFR', 'KeKe']",1,203525,FALSE,FALSE,{'isrc': 'DELV41900373'},{'spotify': 'https://open.spotify.com/track/1BPeDi69y1PIqB9Hnc5DVu'},https://api.spotify.com/v1/tracks/1BPeDi69y1PIqB9Hnc5DVu,1BPeDi69y1PIqB9Hnc5DVu,FALSE,Wenn du mich brauchst,41,https://p.scdn.co/mp3-preview/ab68aeae448c6aaf70660987a264fc92c16744ab?cid=616b3b0f6c8a4ae3984ad23275a44dfb,TRUE,10,track,spotify:track:1BPeDi69y1PIqB9Hnc5DVu,
Angetenar,"['Rompasso', 'Rich The Kid']",1,190909,FALSE,TRUE,{'isrc': 'RUB422001666'},{'spotify': 'https://open.spotify.com/track/04aulIHjjQyDVUUmaFDy8w'},https://api.spotify.com/v1/tracks/04aulIHjjQyDVUUmaFDy8w,04aulIHjjQyDVUUmaFDy8w,FALSE,Angetenar,59,https://p.scdn.co/mp3-preview/0d65b23d721f63c15c7feaaf083dca7cda7b9697?cid=616b3b0f6c8a4ae3984ad23275a44dfb,TRUE,1,track,spotify:track:04aulIHjjQyDVUUmaFDy8w,
Fuck No (feat. Brasstracks & PhiloSofie),"['99 Neighbors', 'Brasstracks', 'PhiloSofie']",1,231601,FALSE,TRUE,{'isrc': 'USWB11902130'},{'spotify': 'https://open.spotify.com/track/0WQZG47PGOUzuQuMpB8gC0'},https://api.spotify.com/v1/tracks/0WQZG47PGOUzuQuMpB8gC0,0WQZG47PGOUzuQuMpB8gC0,FALSE,Fuck No (feat. Brasstracks & PhiloSofie),56,https://p.scdn.co/mp3-preview/a4978a3fa387afae392e30d1ffb08299205c23dd?cid=616b3b0f6c8a4ae3984ad23275a44dfb,TRUE,1,track,spotify:track:0WQZG47PGOUzuQuMpB8gC0,
fabulist,['slenderbodies'],1,228061,FALSE,FALSE,{'isrc': 'DEVF11700096'},{'spotify': 'https://open.spotify.com/track/1MD2yGSeBRALkMui1fZ05P'},https://api.spotify.com/v1/tracks/1MD2yGSeBRALkMui1fZ05P,1MD2yGSeBRALkMui1fZ05P,FALSE,anemone,59,https://p.scdn.co/mp3-preview/00d0ef226e2f867ddf7761e81d921cac85eb46df?cid=616b3b0f6c8a4ae3984ad23275a44dfb,TRUE,4,track,spotify:track:1MD2yGSeBRALkMui1fZ05P,
KitschKrieg,"['KitschKrieg', 'SFR', 'CRO', 'AnnenMayKantereit', 'Trettmann']",1,211844,FALSE,FALSE,{'isrc': 'DELV41801853'},{'spotify': 'https://open.spotify.com/track/2v2fXImYrdprcgUxhV7Pz7'},https://api.spotify.com/v1/tracks/2v2fXImYrdprcgUxhV7Pz7,2v2fXImYrdprcgUxhV7Pz7,FALSE,"5 Minuten (feat. Cro, AnnenMayKantereit & Trettmann)",57,https://p.scdn.co/mp3-preview/8ef12ffc41270224761a9b466fd00e9c5cddd743?cid=616b3b0f6c8a4ae3984ad23275a44dfb,TRUE,3,track,spotify:track:2v2fXImYrdprcgUxhV7Pz7,
They Might've Even Loved Me,['NoMBe'],1,218080,FALSE,FALSE,{'isrc': 'TCACX1753674'},{'spotify': 'https://open.spotify.com/track/5XeoskAXHfUGcCJhTi26K1'},https://api.spotify.com/v1/tracks/5XeoskAXHfUGcCJhTi26K1,5XeoskAXHfUGcCJhTi26K1,FALSE,Young Hearts,56,https://p.scdn.co/mp3-preview/057687a1cd67a32e273df368ed661cf7b1e9c198?cid=616b3b0f6c8a4ae3984ad23275a44dfb,TRUE,6,track,spotify:track:5XeoskAXHfUGcCJhTi26K1,
Napkins,['RIZ LA VIE'],1,215625,FALSE,FALSE,{'isrc': 'QM24S1802313'},{'spotify': 'https://open.spotify.com/track/0YvzawIC5nFFYj5YAvv5HP'},https://api.spotify.com/v1/tracks/0YvzawIC5nFFYj5YAvv5HP,0YvzawIC5nFFYj5YAvv5HP,FALSE,Napkins,49,https://p.scdn.co/mp3-preview/21e0eaa7967e219ed4e07fb905fac8055cb9a5e2?cid=616b3b0f6c8a4ae3984ad23275a44dfb,TRUE,1,track,spotify:track:0YvzawIC5nFFYj5YAvv5HP,
"Life of a Wallflower, Vol. 1","['Whethan', 'Mascolo']",1,165618,FALSE,FALSE,{'isrc': 'USAT21701768'},{'spotify': 'https://open.spotify.com/track/08Kj0lvbsqAxzeUOBYZRL6'},https://api.spotify.com/v1/tracks/08Kj0lvbsqAxzeUOBYZRL6,08Kj0lvbsqAxzeUOBYZRL6,FALSE,Good Nights (feat. Mascolo),61,https://p.scdn.co/mp3-preview/f00f4c84afdad6a9e76b9ec8a58ed09f0c90cc06?cid=616b3b0f6c8a4ae3984ad23275a44dfb,TRUE,4,track,spotify:track:08Kj0lvbsqAxzeUOBYZRL6,
#DIY,"['Trettmann', 'KitschKrieg', 'SFR']",1,325240,FALSE,FALSE,{'isrc': 'DEZ651712154'},{'spotify': 'https://open.spotify.com/track/3OZeYGQGaV5zubSr0cZJAR'},https://api.spotify.com/v1/tracks/3OZeYGQGaV5zubSr0cZJAR,3OZeYGQGaV5zubSr0cZJAR,FALSE,Geh ran,43,https://p.scdn.co/mp3-preview/12c93c6bbfc6681f08ea4bc17eaf4085200a65dc?cid=616b3b0f6c8a4ae3984ad23275a44dfb,TRUE,10,track,spotify:track:3OZeYGQGaV5zubSr0cZJAR,
"Don't give me problems, give me wine",['BabyJake'],1,182600,FALSE,TRUE,{'isrc': 'USUM72001889'},{'spotify': 'https://open.spotify.com/track/09PziVJjD74IagSfdN58wH'},https://api.spotify.com/v1/tracks/09PziVJjD74IagSfdN58wH,09PziVJjD74IagSfdN58wH,FALSE,Confidant,55,https://p.scdn.co/mp3-preview/09c9e4b567bfdf0fc1f3621ef17ca5db92464337?cid=616b3b0f6c8a4ae3984ad23275a44dfb,TRUE,5,track,spotify:track:09PziVJjD74IagSfdN58wH,
Feed. (Deluxe),['RIZ LA VIE'],1,213449,FALSE,FALSE,{'isrc': 'GBKPL2098089'},{'spotify': 'https://open.spotify.com/track/22UNTgcr9Jr3uZzZvBXy7A'},https://api.spotify.com/v1/tracks/22UNTgcr9Jr3uZzZvBXy7A,22UNTgcr9Jr3uZzZvBXy7A,FALSE,She Said,44,https://p.scdn.co/mp3-preview/c7257a6fe70f90c77a70a4efcc83e8eeab8fca0e?cid=616b3b0f6c8a4ae3984ad23275a44dfb,TRUE,4,track,spotify:track:22UNTgcr9Jr3uZzZvBXy7A,
Say It Here While Its Safe,['Kweku Collins'],1,205984,FALSE,FALSE,{'isrc': 'USQY51586864'},{'spotify': 'https://open.spotify.com/track/7xOkuyxmnlsAQKHhjgJh5Q'},https://api.spotify.com/v1/tracks/7xOkuyxmnlsAQKHhjgJh5Q,7xOkuyxmnlsAQKHhjgJh5Q,FALSE,Lonely Lullabies,47,https://p.scdn.co/mp3-preview/26ad5aa34cb109b897cd0cf9131a0840e5c4c10a?cid=616b3b0f6c8a4ae3984ad23275a44dfb,TRUE,4,track,spotify:track:7xOkuyxmnlsAQKHhjgJh5Q,
Sylvan Esso,['Sylvan Esso'],1,255146,FALSE,FALSE,{'isrc': 'USBQU1400027'},{'spotify': 'https://open.spotify.com/track/7vITd7ck8l9Ww62BWpIhTY'},https://api.spotify.com/v1/tracks/7vITd7ck8l9Ww62BWpIhTY,7vITd7ck8l9Ww62BWpIhTY,FALSE,Uncatena,51,https://p.scdn.co/mp3-preview/833c43a123722efcf73504f1ea9bb9d9f73b67a7?cid=616b3b0f6c8a4ae3984ad23275a44dfb,TRUE,8,track,spotify:track:7vITd7ck8l9Ww62BWpIhTY,
Heartbreak Hangovers,['Souly Had'],1,180923,FALSE,TRUE,{'isrc': 'USUM72003387'},{'spotify': 'https://open.spotify.com/track/69RZnQQaThtxwv9FCcCwRC'},https://api.spotify.com/v1/tracks/69RZnQQaThtxwv9FCcCwRC,69RZnQQaThtxwv9FCcCwRC,FALSE,Heartbreak Hangovers,36,https://p.scdn.co/mp3-preview/4d265e500437cece55b53d859761243acfc3351f?cid=616b3b0f6c8a4ae3984ad23275a44dfb,TRUE,1,track,spotify:track:69RZnQQaThtxwv9FCcCwRC,
Keep.,['RIZ LA VIE'],1,245372,FALSE,FALSE,{'isrc': 'TCADB1754087'},{'spotify': 'https://open.spotify.com/track/5UgpWsQEHsdKhy1WImf1co'},https://api.spotify.com/v1/tracks/5UgpWsQEHsdKhy1WImf1co,5UgpWsQEHsdKhy1WImf1co,FALSE,Powerlines,39,https://p.scdn.co/mp3-preview/005b2caee8800b2798ee124370246d34f3a18aa4?cid=616b3b0f6c8a4ae3984ad23275a44dfb,TRUE,1,track,spotify:track:5UgpWsQEHsdKhy1WImf1co,
"Nathy Peluso: Bzrp Music Sessions, Vol. 36","['Bizarrap', 'NATHY PELUSO']",1,171215,FALSE,FALSE,{'isrc': 'UYB282001011'},{'spotify': 'https://open.spotify.com/track/78SeXVRJ7KCqVmOwTiFjnI'},https://api.spotify.com/v1/tracks/78SeXVRJ7KCqVmOwTiFjnI,78SeXVRJ7KCqVmOwTiFjnI,FALSE,"Nathy Peluso: Bzrp Music Sessions, Vol. 36",73,https://p.scdn.co/mp3-preview/490422b0a1228de94112a8a35afc5ea695051d9e?cid=616b3b0f6c8a4ae3984ad23275a44dfb,TRUE,1,track,spotify:track:78SeXVRJ7KCqVmOwTiFjnI,
Open Spaces,"['Just A Gent', 'Nevve']",1,206399,FALSE,FALSE,{'isrc': 'CA6D21900233'},{'spotify': 'https://open.spotify.com/track/2TXNzTUp1KMUMD7pYMWkCY'},https://api.spotify.com/v1/tracks/2TXNzTUp1KMUMD7pYMWkCY,2TXNzTUp1KMUMD7pYMWkCY,FALSE,Open Spaces,50,https://p.scdn.co/mp3-preview/a4f2bea0febdbdb3efabc42a269ad277673ca306?cid=616b3b0f6c8a4ae3984ad23275a44dfb,TRUE,1,track,spotify:track:2TXNzTUp1KMUMD7pYMWkCY,
Coast Modern,['Coast Modern'],1,204066,FALSE,FALSE,{'isrc': 'USLGZ1600014'},{'spotify': 'https://open.spotify.com/track/5M7IGym8CgSVOMNvDAGheL'},https://api.spotify.com/v1/tracks/5M7IGym8CgSVOMNvDAGheL,5M7IGym8CgSVOMNvDAGheL,FALSE,Guru,59,https://p.scdn.co/mp3-preview/efc9775e985d423c198e366e9ff928641f9a51c8?cid=616b3b0f6c8a4ae3984ad23275a44dfb,TRUE,3,track,spotify:track:5M7IGym8CgSVOMNvDAGheL,
Demo 001,['Wiley from Atlanta'],1,223101,FALSE,TRUE,{'isrc': 'QM24S1840135'},{'spotify': 'https://open.spotify.com/track/4NeHCGpTPVCudqVpJiT7O9'},https://api.spotify.com/v1/tracks/4NeHCGpTPVCudqVpJiT7O9,4NeHCGpTPVCudqVpJiT7O9,FALSE,Pink Skies (Demo),61,https://p.scdn.co/mp3-preview/c373ad7b728739c78f11c4f232c40e1f4ea83433?cid=616b3b0f6c8a4ae3984ad23275a44dfb,TRUE,1,track,spotify:track:4NeHCGpTPVCudqVpJiT7O9,
I Dreamt We Spoke Again (Louis the Child Remix),"['Death Cab for Cutie', 'Louis The Child']",1,190399,FALSE,FALSE,{'isrc': 'USAT21902762'},{'spotify': 'https://open.spotify.com/track/2TY2GcWmTmcE6L40jYC9Xv'},https://api.spotify.com/v1/tracks/2TY2GcWmTmcE6L40jYC9Xv,2TY2GcWmTmcE6L40jYC9Xv,FALSE,I Dreamt We Spoke Again - Louis the Child Remix,49,https://p.scdn.co/mp3-preview/e387d3b68949ff5df71243d3e7a883d0e20bce3a?cid=616b3b0f6c8a4ae3984ad23275a44dfb,TRUE,1,track,spotify:track:2TY2GcWmTmcE6L40jYC9Xv,
Billy's Home,['808INK'],1,143925,FALSE,TRUE,{'isrc': 'FRX991588732'},{'spotify': 'https://open.spotify.com/track/6imaoKkU3JVj5TsJMZiD4G'},https://api.spotify.com/v1/tracks/6imaoKkU3JVj5TsJMZiD4G,6imaoKkU3JVj5TsJMZiD4G,FALSE,Suede Jaw,53,https://p.scdn.co/mp3-preview/c1c98dbbe77567f6d00b58b10c59b509f071aaa2?cid=616b3b0f6c8a4ae3984ad23275a44dfb,TRUE,6,track,spotify:track:6imaoKkU3JVj5TsJMZiD4G,
Port of Miami 2,"['Rick Ross', 'Drake']",1,349600,FALSE,TRUE,{'isrc': 'USSM11904574'},{'spotify': 'https://open.spotify.com/track/1rX5L6pyl3rVWb55D8Cprr'},https://api.spotify.com/v1/tracks/1rX5L6pyl3rVWb55D8Cprr,1rX5L6pyl3rVWb55D8Cprr,FALSE,Gold Roses (feat. Drake),63,https://p.scdn.co/mp3-preview/cdd6f8549938768551c05cbcbfeb4bcb969b6dfa?cid=616b3b0f6c8a4ae3984ad23275a44dfb,TRUE,15,track,spotify:track:1rX5L6pyl3rVWb55D8Cprr,
Santa Fe,"['DEVOTED', 'Billionaire']",1,212093,FALSE,FALSE,{'isrc': 'FR9W11715618'},{'spotify': 'https://open.spotify.com/track/09AWmqTAIk1cPQUzxyDUiA'},https://api.spotify.com/v1/tracks/09AWmqTAIk1cPQUzxyDUiA,09AWmqTAIk1cPQUzxyDUiA,FALSE,Santa Fe,44,https://p.scdn.co/mp3-preview/af0c0cae26413112aea525d4c0c62ea761ef3dbf?cid=616b3b0f6c8a4ae3984ad23275a44dfb,TRUE,1,track,spotify:track:09AWmqTAIk1cPQUzxyDUiA,
Analogue,['ODIE'],1,193201,FALSE,TRUE,{'isrc': 'USUYG1187305'},{'spotify': 'https://open.spotify.com/track/4bsk2DaGmyhLhCeSXxmDuX'},https://api.spotify.com/v1/tracks/4bsk2DaGmyhLhCeSXxmDuX,4bsk2DaGmyhLhCeSXxmDuX,FALSE,Story,55,https://p.scdn.co/mp3-preview/86d542fa8b5c236dbd7b80f2aa33bbf41f274a51?cid=616b3b0f6c8a4ae3984ad23275a44dfb,TRUE,3,track,spotify:track:4bsk2DaGmyhLhCeSXxmDuX,
Shakey Graves on Audiotree Live (2013),['Shakey Graves'],1,291596,FALSE,FALSE,{'isrc': 'QM99V1421501'},{'spotify': 'https://open.spotify.com/track/1Yxbxg5R6dQcYmOdjvlXP0'},https://api.spotify.com/v1/tracks/1Yxbxg5R6dQcYmOdjvlXP0,1Yxbxg5R6dQcYmOdjvlXP0,FALSE,Roll The Bones - Audiotree Live Version,59,https://p.scdn.co/mp3-preview/2417cd3945a098b2501546cac091bf8bd7b3e939?cid=616b3b0f6c8a4ae3984ad23275a44dfb,TRUE,1,track,spotify:track:1Yxbxg5R6dQcYmOdjvlXP0,
Berhana,['Berhana'],1,261102,FALSE,TRUE,{'isrc': 'USYBL1600647'},{'spotify': 'https://open.spotify.com/track/1x1BKrrpq7CfOZPBeUsx16'},https://api.spotify.com/v1/tracks/1x1BKrrpq7CfOZPBeUsx16,1x1BKrrpq7CfOZPBeUsx16,FALSE,Grey Luh,54,https://p.scdn.co/mp3-preview/c7db02b6a1df155decda951e9b0e1160d1de221e?cid=616b3b0f6c8a4ae3984ad23275a44dfb,TRUE,6,track,spotify:track:1x1BKrrpq7CfOZPBeUsx16,
#DIY,"['Trettmann', 'KitschKrieg', 'SFR']",1,193040,FALSE,FALSE,{'isrc': 'DEZ651712149'},{'spotify': 'https://open.spotify.com/track/0ycFt3ZOU7sOXCJeprNEdX'},https://api.spotify.com/v1/tracks/0ycFt3ZOU7sOXCJeprNEdX,0ycFt3ZOU7sOXCJeprNEdX,FALSE,Dumplin & Callaloo,41,https://p.scdn.co/mp3-preview/9eedf5c7aacbd5dba2e7958df675e0f8c049b8c4?cid=616b3b0f6c8a4ae3984ad23275a44dfb,TRUE,5,track,spotify:track:0ycFt3ZOU7sOXCJeprNEdX,
LEAP!,"['Souly Had', 'Lonr.']",1,205384,FALSE,FALSE,{'isrc': 'USUM72018932'},{'spotify': 'https://open.spotify.com/track/3vl2uH4D2QItFFhzz5L06g'},https://api.spotify.com/v1/tracks/3vl2uH4D2QItFFhzz5L06g,3vl2uH4D2QItFFhzz5L06g,FALSE,LEAP!,42,https://p.scdn.co/mp3-preview/95ad0d1f651170149cbfe8c31ae5dfa2693e414a?cid=616b3b0f6c8a4ae3984ad23275a44dfb,TRUE,1,track,spotify:track:3vl2uH4D2QItFFhzz5L06g,
Trust Fall,['Caye'],1,209361,FALSE,TRUE,{'isrc': 'QM24S1911843'},{'spotify': 'https://open.spotify.com/track/1ozGeip1vdU0wY1dIw1scz'},https://api.spotify.com/v1/tracks/1ozGeip1vdU0wY1dIw1scz,1ozGeip1vdU0wY1dIw1scz,FALSE,Trust Fall,57,https://p.scdn.co/mp3-preview/2fb1880cbd097809cfb719a1cbdf8a6b69a4763d?cid=616b3b0f6c8a4ae3984ad23275a44dfb,TRUE,1,track,spotify:track:1ozGeip1vdU0wY1dIw1scz,
Gang Signs & Prayer,['Stormzy'],1,179564,FALSE,TRUE,{'isrc': 'GBLFP1599790'},{'spotify': 'https://open.spotify.com/track/2LPUvD5DDOO4UYGkWgjI2C'},https://api.spotify.com/v1/tracks/2LPUvD5DDOO4UYGkWgjI2C,2LPUvD5DDOO4UYGkWgjI2C,FALSE,Shut Up,66,https://p.scdn.co/mp3-preview/24013dc1289717d9bbc94a07632ed3a496b58401?cid=616b3b0f6c8a4ae3984ad23275a44dfb,TRUE,15,track,spotify:track:2LPUvD5DDOO4UYGkWgjI2C,
Home For Now,['Benji Lewis'],1,222439,FALSE,FALSE,{'isrc': 'USCGH1748607'},{'spotify': 'https://open.spotify.com/track/7nF0GGmgvZ0ViSocnGr2zZ'},https://api.spotify.com/v1/tracks/7nF0GGmgvZ0ViSocnGr2zZ,7nF0GGmgvZ0ViSocnGr2zZ,FALSE,Drift,49,https://p.scdn.co/mp3-preview/4de547aa821700a6bed976045a8db74702462f10?cid=616b3b0f6c8a4ae3984ad23275a44dfb,TRUE,2,track,spotify:track:7nF0GGmgvZ0ViSocnGr2zZ,
Sunlit Youth,['Local Natives'],1,237693,FALSE,FALSE,{'isrc': 'USC4R1601926'},{'spotify': 'https://open.spotify.com/track/53I7CviVHhNYEKth717RLG'},https://api.spotify.com/v1/tracks/53I7CviVHhNYEKth717RLG,53I7CviVHhNYEKth717RLG,FALSE,Coins,53,https://p.scdn.co/mp3-preview/d97298924c1a17f0a70e8c17947f1830ca803b8d?cid=616b3b0f6c8a4ae3984ad23275a44dfb,TRUE,7,track,spotify:track:53I7CviVHhNYEKth717RLG,
Seal,['Seal'],1,288426,FALSE,FALSE,{'isrc': 'USWB19900917'},{'spotify': 'https://open.spotify.com/track/3YKptz29AsOlm7WAVnztBh'},https://api.spotify.com/v1/tracks/3YKptz29AsOlm7WAVnztBh,3YKptz29AsOlm7WAVnztBh,FALSE,Kiss from a Rose,73,https://p.scdn.co/mp3-preview/6f5052f642e29a554a22e01be37481109529a762?cid=616b3b0f6c8a4ae3984ad23275a44dfb,TRUE,6,track,spotify:track:3YKptz29AsOlm7WAVnztBh,
Rewind,"['Wingtip', 'Sophie Strauss']",1,197333,FALSE,FALSE,{'isrc': 'TCACR1691216'},{'spotify': 'https://open.spotify.com/track/1VwFPiTNrvxg16OBBPDrEf'},https://api.spotify.com/v1/tracks/1VwFPiTNrvxg16OBBPDrEf,1VwFPiTNrvxg16OBBPDrEf,FALSE,Rewind,49,https://p.scdn.co/mp3-preview/f3d920ddee84c54082079505ff158f747bead11c?cid=616b3b0f6c8a4ae3984ad23275a44dfb,TRUE,1,track,spotify:track:1VwFPiTNrvxg16OBBPDrEf,
Ghetto Lenny's Love Songs,['SAINt JHN'],1,222653,FALSE,TRUE,{'isrc': 'USUYG1268281'},{'spotify': 'https://open.spotify.com/track/77Lpioi8uKcmiwdU8ClD6t'},https://api.spotify.com/v1/tracks/77Lpioi8uKcmiwdU8ClD6t,77Lpioi8uKcmiwdU8ClD6t,FALSE,Trophies,49,https://p.scdn.co/mp3-preview/3f841d7e90fda5b686fe63da446c70219c4bc7fb?cid=616b3b0f6c8a4ae3984ad23275a44dfb,TRUE,10,track,spotify:track:77Lpioi8uKcmiwdU8ClD6t,
#DIY,"['Trettmann', 'KitschKrieg', 'SFR', 'Bonez MC', 'RAF Camora']",1,221990,FALSE,FALSE,{'isrc': 'DEZ651712150'},{'spotify': 'https://open.spotify.com/track/5D6iREVOy7z4c569cGMNGA'},https://api.spotify.com/v1/tracks/5D6iREVOy7z4c569cGMNGA,5D6iREVOy7z4c569cGMNGA,FALSE,GottSeiDank (feat. Bonez MC & RAF Camora),54,https://p.scdn.co/mp3-preview/3832ffaabd31a7dd24e944a373501a8a58cb923f?cid=616b3b0f6c8a4ae3984ad23275a44dfb,TRUE,6,track,spotify:track:5D6iREVOy7z4c569cGMNGA,
WANT,['3OH!3'],1,192573,FALSE,TRUE,{'isrc': 'USAT20802554'},{'spotify': 'https://open.spotify.com/track/5jzX4dWVQeBTtfBaXnMRt5'},https://api.spotify.com/v1/tracks/5jzX4dWVQeBTtfBaXnMRt5,5jzX4dWVQeBTtfBaXnMRt5,FALSE,DONTTRUSTME,70,https://p.scdn.co/mp3-preview/0ff81fd609db83c020440cb6b275eaf90a4ce3a0?cid=616b3b0f6c8a4ae3984ad23275a44dfb,TRUE,3,track,spotify:track:5jzX4dWVQeBTtfBaXnMRt5,
Show Me,"['Big Wild', 'Hundred Waters']",1,227555,FALSE,FALSE,{'isrc': 'USQY51776267'},{'spotify': 'https://open.spotify.com/track/7iFlBjOuNfp8oFozovA777'},https://api.spotify.com/v1/tracks/7iFlBjOuNfp8oFozovA777,7iFlBjOuNfp8oFozovA777,FALSE,Show Me,54,https://p.scdn.co/mp3-preview/54bc294f2b2a3103d98189017838f734985577a4?cid=616b3b0f6c8a4ae3984ad23275a44dfb,TRUE,1,track,spotify:track:7iFlBjOuNfp8oFozovA777,
ERYS (Deluxe),"['Jaden', 'WILLOW']",1,270960,FALSE,TRUE,{'isrc': 'QMJMT1902190'},{'spotify': 'https://open.spotify.com/track/6XNANAB7sFvkfho6bMCp7o'},https://api.spotify.com/v1/tracks/6XNANAB7sFvkfho6bMCp7o,6XNANAB7sFvkfho6bMCp7o,FALSE,Summertime In Paris,69,https://p.scdn.co/mp3-preview/0374457da1553f5e0ee32bb8069d48576ad5daf2?cid=616b3b0f6c8a4ae3984ad23275a44dfb,TRUE,11,track,spotify:track:6XNANAB7sFvkfho6bMCp7o,
#DIY,"['Trettmann', 'KitschKrieg', 'SFR']",1,226917,FALSE,FALSE,{'isrc': 'DEZ651712152'},{'spotify': 'https://open.spotify.com/track/5KDa6clXFARrCU0H71qCnu'},https://api.spotify.com/v1/tracks/5KDa6clXFARrCU0H71qCnu,5KDa6clXFARrCU0H71qCnu,FALSE,New York,49,https://p.scdn.co/mp3-preview/6436fb41852c83b5acd75d4f8fc581e4a5f1ef21?cid=616b3b0f6c8a4ae3984ad23275a44dfb,TRUE,8,track,spotify:track:5KDa6clXFARrCU0H71qCnu,
Ghetto Lenny's Love Songs,['SAINt JHN'],1,196302,FALSE,TRUE,{'isrc': 'USUYG1268270'},{'spotify': 'https://open.spotify.com/track/4FgOFhLOz8kJwWuHE58HVw'},https://api.spotify.com/v1/tracks/4FgOFhLOz8kJwWuHE58HVw,4FgOFhLOz8kJwWuHE58HVw,FALSE,Wedding Day,51,https://p.scdn.co/mp3-preview/8d1469a78138f95997805e6c9d0c5aaa0e8e9ded?cid=616b3b0f6c8a4ae3984ad23275a44dfb,TRUE,1,track,spotify:track:4FgOFhLOz8kJwWuHE58HVw,
Light,['Matisyahu'],1,207573,FALSE,FALSE,{'isrc': 'USSM10903701'},{'spotify': 'https://open.spotify.com/track/0nCZDQrlWA149QdGTdlsFU'},https://api.spotify.com/v1/tracks/0nCZDQrlWA149QdGTdlsFU,0nCZDQrlWA149QdGTdlsFU,FALSE,One Day,57,https://p.scdn.co/mp3-preview/14f73befa7abc7bd9c18c7732b8362931ed57ab4?cid=616b3b0f6c8a4ae3984ad23275a44dfb,TRUE,3,track,spotify:track:0nCZDQrlWA149QdGTdlsFU,
In the Shape of a Dream,['ayokay'],1,192546,FALSE,FALSE,{'isrc': 'USSM11802825'},{'spotify': 'https://open.spotify.com/track/1wRSOWVqpLIrMCo4vevEef'},https://api.spotify.com/v1/tracks/1wRSOWVqpLIrMCo4vevEef,1wRSOWVqpLIrMCo4vevEef,FALSE,Swing Swing,47,https://p.scdn.co/mp3-preview/56820ccf31542368391f5331a7513c7970ee7bad?cid=616b3b0f6c8a4ae3984ad23275a44dfb,TRUE,2,track,spotify:track:1wRSOWVqpLIrMCo4vevEef,
#DIY,"['Trettmann', 'KitschKrieg', 'SFR']",1,237455,FALSE,FALSE,{'isrc': 'DEZ651712147'},{'spotify': 'https://open.spotify.com/track/2gaHAv8a7eDlsZra2g2J1l'},https://api.spotify.com/v1/tracks/2gaHAv8a7eDlsZra2g2J1l,2gaHAv8a7eDlsZra2g2J1l,FALSE,Grauer Beton,52,https://p.scdn.co/mp3-preview/31022a032ddb75bfe7e3f889f078020530248f2a?cid=616b3b0f6c8a4ae3984ad23275a44dfb,TRUE,3,track,spotify:track:2gaHAv8a7eDlsZra2g2J1l,
Black Caesar,"['James Brown', ""The J.B.'s""]",1,194866,FALSE,FALSE,{'isrc': 'USPR37380050'},{'spotify': 'https://open.spotify.com/track/6LzjgzpVl0hB3YrBU1b8Z1'},https://api.spotify.com/v1/tracks/6LzjgzpVl0hB3YrBU1b8Z1,6LzjgzpVl0hB3YrBU1b8Z1,FALSE,The Boss,62,https://p.scdn.co/mp3-preview/c212451c5540249c6bb72b5bff6ecbbe52a7c40c?cid=616b3b0f6c8a4ae3984ad23275a44dfb,TRUE,5,track,spotify:track:6LzjgzpVl0hB3YrBU1b8Z1,
Mila 809,['Ashh'],1,221985,FALSE,TRUE,{'isrc': 'FR8PB1700010'},{'spotify': 'https://open.spotify.com/track/4l1Uz65pAxfYRvT5esJYy2'},https://api.spotify.com/v1/tracks/4l1Uz65pAxfYRvT5esJYy2,4l1Uz65pAxfYRvT5esJYy2,FALSE,Lolita,60,https://p.scdn.co/mp3-preview/d9a50469e798ba2fae274a7e9d4a59f53bea6c03?cid=616b3b0f6c8a4ae3984ad23275a44dfb,TRUE,6,track,spotify:track:4l1Uz65pAxfYRvT5esJYy2,
Pray 4 Love (Deluxe),['Rod Wave'],1,174745,FALSE,TRUE,{'isrc': 'USLD91727964'},{'spotify': 'https://open.spotify.com/track/4RAx7olzEuHXZsIyZPK0kN'},https://api.spotify.com/v1/tracks/4RAx7olzEuHXZsIyZPK0kN,4RAx7olzEuHXZsIyZPK0kN,FALSE,Freestyle,55,https://p.scdn.co/mp3-preview/148d276e38f1e9efeca8cdbea97f50e4aa54dee0?cid=616b3b0f6c8a4ae3984ad23275a44dfb,TRUE,17,track,spotify:track:4RAx7olzEuHXZsIyZPK0kN,
#DIY,"['Trettmann', 'KitschKrieg', 'SFR']",1,181466,FALSE,FALSE,{'isrc': 'DEZ651712148'},{'spotify': 'https://open.spotify.com/track/24jJjYhw8aCVhSLBzjoAHv'},https://api.spotify.com/v1/tracks/24jJjYhw8aCVhSLBzjoAHv,24jJjYhw8aCVhSLBzjoAHv,FALSE,Billie Holiday,49,https://p.scdn.co/mp3-preview/76c5d6f82306fbf13a7bf5d5f53e82be1f6e4c6f?cid=616b3b0f6c8a4ae3984ad23275a44dfb,TRUE,4,track,spotify:track:24jJjYhw8aCVhSLBzjoAHv,
Dawn EP,"['filous', 'James Hersey']",1,198000,FALSE,FALSE,{'isrc': 'USUS11203409'},{'spotify': 'https://open.spotify.com/track/0OfZ9imMwFU03zc2wl8pBt'},https://api.spotify.com/v1/tracks/0OfZ9imMwFU03zc2wl8pBt,0OfZ9imMwFU03zc2wl8pBt,FALSE,How Hard I Try,55,https://p.scdn.co/mp3-preview/6236f7d0486fcc31d1b291465c0a53ae8b183921?cid=616b3b0f6c8a4ae3984ad23275a44dfb,TRUE,2,track,spotify:track:0OfZ9imMwFU03zc2wl8pBt,
Broke with Expensive Taste,"['Azealia Banks', 'Lazy Jay']",1,204956,FALSE,TRUE,{'isrc': 'US5Z51400584'},{'spotify': 'https://open.spotify.com/track/16EMONl2vH3rt9f4ehTG8g'},https://api.spotify.com/v1/tracks/16EMONl2vH3rt9f4ehTG8g,16EMONl2vH3rt9f4ehTG8g,FALSE,212,70,https://p.scdn.co/mp3-preview/6137004dc8ad1ca744abeda741208133b3cfdd26?cid=616b3b0f6c8a4ae3984ad23275a44dfb,TRUE,5,track,spotify:track:16EMONl2vH3rt9f4ehTG8g,
Yesterday's Gone,"['Loyle Carner', 'Tom Misch']",1,172653,FALSE,TRUE,{'isrc': 'GBUM71605992'},{'spotify': 'https://open.spotify.com/track/32sBVB5HmrwJ6e9g0S2BRL'},https://api.spotify.com/v1/tracks/32sBVB5HmrwJ6e9g0S2BRL,32sBVB5HmrwJ6e9g0S2BRL,FALSE,Damselfly,65,https://p.scdn.co/mp3-preview/7729050f9a47e02877bc1e3224ac99e5a873a546?cid=616b3b0f6c8a4ae3984ad23275a44dfb,TRUE,4,track,spotify:track:32sBVB5HmrwJ6e9g0S2BRL,
#DIY,"['Trettmann', 'Gzuz', 'KitschKrieg', 'SFR']",1,207519,FALSE,TRUE,{'isrc': 'DEZ651711897'},{'spotify': 'https://open.spotify.com/track/1ckGMWhdwm7SY4PeMxtKr5'},https://api.spotify.com/v1/tracks/1ckGMWhdwm7SY4PeMxtKr5,1ckGMWhdwm7SY4PeMxtKr5,FALSE,Knöcheltief,57,https://p.scdn.co/mp3-preview/cee233bc584dbe62344805038651e05f75de5716?cid=616b3b0f6c8a4ae3984ad23275a44dfb,TRUE,2,track,spotify:track:1ckGMWhdwm7SY4PeMxtKr5,
Marbled,"['Abhi The Nomad', 'Harrison Sands', 'Copper King']",1,217777,FALSE,FALSE,{'isrc': 'USTB11700036'},{'spotify': 'https://open.spotify.com/track/0G2wimhVoDYXbQ6csDxtSf'},https://api.spotify.com/v1/tracks/0G2wimhVoDYXbQ6csDxtSf,0G2wimhVoDYXbQ6csDxtSf,FALSE,Sex n' Drugs,58,https://p.scdn.co/mp3-preview/daa19aa2610c67952b94251700fa89bba5b0b6f9?cid=616b3b0f6c8a4ae3984ad23275a44dfb,TRUE,4,track,spotify:track:0G2wimhVoDYXbQ6csDxtSf,
Extreme Behavior,['Hinder'],1,261853,FALSE,FALSE,{'isrc': 'USUM70503185'},{'spotify': 'https://open.spotify.com/track/40LQiUUUKXVGyNs09lHVjW'},https://api.spotify.com/v1/tracks/40LQiUUUKXVGyNs09lHVjW,40LQiUUUKXVGyNs09lHVjW,FALSE,Lips Of An Angel,72,https://p.scdn.co/mp3-preview/54b9b16c44d4003421d88df79877b5d5a56b16d5?cid=616b3b0f6c8a4ae3984ad23275a44dfb,TRUE,8,track,spotify:track:40LQiUUUKXVGyNs09lHVjW,
Left Of The Middle,['Natalie Imbruglia'],1,244666,FALSE,FALSE,{'isrc': 'GBARL9700412'},{'spotify': 'https://open.spotify.com/track/1Jaah2tmN9Hv81A87KZ1MU'},https://api.spotify.com/v1/tracks/1Jaah2tmN9Hv81A87KZ1MU,1Jaah2tmN9Hv81A87KZ1MU,FALSE,Torn,75,https://p.scdn.co/mp3-preview/0ea552243a6585720876c6c9caa1f49175a3ff10?cid=616b3b0f6c8a4ae3984ad23275a44dfb,TRUE,1,track,spotify:track:1Jaah2tmN9Hv81A87KZ1MU,
#DIY,"['Trettmann', 'KitschKrieg', 'SFR']",1,202354,FALSE,FALSE,{'isrc': 'DEZ651712145'},{'spotify': 'https://open.spotify.com/track/1VWpChGrrDJpXf8zkxnqg6'},https://api.spotify.com/v1/tracks/1VWpChGrrDJpXf8zkxnqg6,1VWpChGrrDJpXf8zkxnqg6,FALSE,#DIY,40,https://p.scdn.co/mp3-preview/0c9533d31668fa79567d7f5cbec3b29259e343c5?cid=616b3b0f6c8a4ae3984ad23275a44dfb,TRUE,1,track,spotify:track:1VWpChGrrDJpXf8zkxnqg6,
Leftovers,['Dennis Lloyd'],1,192628,FALSE,FALSE,{'isrc': 'uscgh1715635'},{'spotify': 'https://open.spotify.com/track/0dcuGoAIPAT7OrP5CGSVBA'},https://api.spotify.com/v1/tracks/0dcuGoAIPAT7OrP5CGSVBA,0dcuGoAIPAT7OrP5CGSVBA,FALSE,Leftovers,61,https://p.scdn.co/mp3-preview/f5ce606aa82303bece55faac357f0ca398a9e1c6?cid=616b3b0f6c8a4ae3984ad23275a44dfb,TRUE,1,track,spotify:track:0dcuGoAIPAT7OrP5CGSVBA,
Manners,['Passion Pit'],1,174760,FALSE,FALSE,{'isrc': 'USSM10901014'},{'spotify': 'https://open.spotify.com/track/4prEPl61C8qZpeo3IkYSMl'},https://api.spotify.com/v1/tracks/4prEPl61C8qZpeo3IkYSMl,4prEPl61C8qZpeo3IkYSMl,FALSE,Sleepyhead,66,https://p.scdn.co/mp3-preview/1ced21adbddc7c4a0f36ffc0257be0705953c130?cid=616b3b0f6c8a4ae3984ad23275a44dfb,TRUE,9,track,spotify:track:4prEPl61C8qZpeo3IkYSMl,
Shock Value,"['Timbaland', 'Keri Hilson', 'D.O.E.']",1,179120,FALSE,FALSE,{'isrc': 'USUM70722806'},{'spotify': 'https://open.spotify.com/track/2bLqfJjuC5syrsgDsZfGmn'},https://api.spotify.com/v1/tracks/2bLqfJjuC5syrsgDsZfGmn,2bLqfJjuC5syrsgDsZfGmn,FALSE,The Way I Are,82,https://p.scdn.co/mp3-preview/8fa73c7e5d3af61f95760a9821e97095919f33ee?cid=616b3b0f6c8a4ae3984ad23275a44dfb,TRUE,4,track,spotify:track:2bLqfJjuC5syrsgDsZfGmn,
#DIY,"['Trettmann', 'KitschKrieg', 'SFR', 'Marteria']",1,192640,FALSE,FALSE,{'isrc': 'DEZ651712153'},{'spotify': 'https://open.spotify.com/track/6TFK86Zfpj1i2cJdKxx5p1'},https://api.spotify.com/v1/tracks/6TFK86Zfpj1i2cJdKxx5p1,6TFK86Zfpj1i2cJdKxx5p1,FALSE,Fast Forward (feat. Marteria),48,https://p.scdn.co/mp3-preview/4c5bd49875ee80af4bb09f08dd44df5f67fcf92e?cid=616b3b0f6c8a4ae3984ad23275a44dfb,TRUE,9,track,spotify:track:6TFK86Zfpj1i2cJdKxx5p1,
Ghetto Lenny's Love Songs,['SAINt JHN'],1,169405,FALSE,TRUE,{'isrc': 'USUYG1268277'},{'spotify': 'https://open.spotify.com/track/691df0fYjhhszUgQH3FGvP'},https://api.spotify.com/v1/tracks/691df0fYjhhszUgQH3FGvP,691df0fYjhhszUgQH3FGvP,FALSE,94 Bentley,61,https://p.scdn.co/mp3-preview/3a0d9e4fd71eb40247d08e56cf9c819423c32922?cid=616b3b0f6c8a4ae3984ad23275a44dfb,TRUE,6,track,spotify:track:691df0fYjhhszUgQH3FGvP,
Shake The Spirit,['Elle King'],1,292594,FALSE,FALSE,{'isrc': 'USRC11803007'},{'spotify': 'https://open.spotify.com/track/1jNsAEy20h3G5PwFmmvwX5'},https://api.spotify.com/v1/tracks/1jNsAEy20h3G5PwFmmvwX5,1jNsAEy20h3G5PwFmmvwX5,FALSE,Good Thing Gone,41,https://p.scdn.co/mp3-preview/2a4373436181ca8c110753caa7f3fbff14e2dc39?cid=616b3b0f6c8a4ae3984ad23275a44dfb,TRUE,7,track,spotify:track:1jNsAEy20h3G5PwFmmvwX5,
Hold On,['Sons Of The East'],1,230616,FALSE,FALSE,{'isrc': 'AUGNB1300001'},{'spotify': 'https://open.spotify.com/track/3p82oFueSOlMnxEoex450n'},https://api.spotify.com/v1/tracks/3p82oFueSOlMnxEoex450n,3p82oFueSOlMnxEoex450n,FALSE,Hold On,54,https://p.scdn.co/mp3-preview/193196e7b48ad338582c67186442829c95a72392?cid=616b3b0f6c8a4ae3984ad23275a44dfb,TRUE,1,track,spotify:track:3p82oFueSOlMnxEoex450n,
#DIY,"['Trettmann', 'KitschKrieg', 'SFR', 'Haiyti', 'Joey Bargeld']",1,273814,FALSE,FALSE,{'isrc': 'DEZ651712151'},{'spotify': 'https://open.spotify.com/track/7hb26Wf2nOK4jRkBiSTC0D'},https://api.spotify.com/v1/tracks/7hb26Wf2nOK4jRkBiSTC0D,7hb26Wf2nOK4jRkBiSTC0D,FALSE,Nur noch einen (feat. Joey Bargeld & Haiyti),46,https://p.scdn.co/mp3-preview/f3e94a21be0406bb1fc55e6b5223c2ac58b42cc0?cid=616b3b0f6c8a4ae3984ad23275a44dfb,TRUE,7,track,spotify:track:7hb26Wf2nOK4jRkBiSTC0D,
Lockdown,['Anderson .Paak'],1,212613,FALSE,TRUE,{'isrc': 'ZZOPM2002643'},{'spotify': 'https://open.spotify.com/track/5oZps6mYqU5s7A4WjUZggJ'},https://api.spotify.com/v1/tracks/5oZps6mYqU5s7A4WjUZggJ,5oZps6mYqU5s7A4WjUZggJ,FALSE,Lockdown,55,https://p.scdn.co/mp3-preview/3d7f3f9b41315b62c9eeb920b309f494b61776fa?cid=616b3b0f6c8a4ae3984ad23275a44dfb,TRUE,1,track,spotify:track:5oZps6mYqU5s7A4WjUZggJ,
Water,"['Kojey Radical', 'Mahalia', 'Swindle']",1,207946,FALSE,TRUE,{'isrc': 'QM4TW1876302'},{'spotify': 'https://open.spotify.com/track/6I15UB0IPWQhJNJEPQ1gLE'},https://api.spotify.com/v1/tracks/6I15UB0IPWQhJNJEPQ1gLE,6I15UB0IPWQhJNJEPQ1gLE,FALSE,Water (with Mahalia),49,https://p.scdn.co/mp3-preview/df95887eca0557dde3d53e45ef5c59921a02c27a?cid=616b3b0f6c8a4ae3984ad23275a44dfb,TRUE,1,track,spotify:track:6I15UB0IPWQhJNJEPQ1gLE,
PSYCHODRAMA,"['Dave', 'Burna Boy']",1,241293,FALSE,TRUE,{'isrc': 'GBUM71900578'},{'spotify': 'https://open.spotify.com/track/3z4CGd63tpUn9a6oQSG0CI'},https://api.spotify.com/v1/tracks/3z4CGd63tpUn9a6oQSG0CI,3z4CGd63tpUn9a6oQSG0CI,FALSE,Location (feat. Burna Boy),79,https://p.scdn.co/mp3-preview/ce399f49c81966ac6a0a853bab5d17f60fea5257?cid=616b3b0f6c8a4ae3984ad23275a44dfb,TRUE,5,track,spotify:track:3z4CGd63tpUn9a6oQSG0CI,
Ignorance is Bliss,"['Skepta', 'J Hus']",1,211120,FALSE,TRUE,{'isrc': 'QM6MZ1960810'},{'spotify': 'https://open.spotify.com/track/4DmgUMnnCw27Tu5Jvqhm1n'},https://api.spotify.com/v1/tracks/4DmgUMnnCw27Tu5Jvqhm1n,4DmgUMnnCw27Tu5Jvqhm1n,FALSE,What Do You Mean?,57,https://p.scdn.co/mp3-preview/75ca37371f4089e8a2654d5f86eadfd13656e841?cid=616b3b0f6c8a4ae3984ad23275a44dfb,TRUE,5,track,spotify:track:4DmgUMnnCw27Tu5Jvqhm1n,
Ain't It Different (feat. AJ Tracey & Stormzy),"['Headie One', 'AJ Tracey', 'Stormzy']",1,196363,FALSE,TRUE,{'isrc': 'GBARL2001008'},{'spotify': 'https://open.spotify.com/track/6NJfIydBMYrXvlaXsFxmc8'},https://api.spotify.com/v1/tracks/6NJfIydBMYrXvlaXsFxmc8,6NJfIydBMYrXvlaXsFxmc8,FALSE,Ain't It Different (feat. AJ Tracey & Stormzy),63,https://p.scdn.co/mp3-preview/3c626565d61bfd33c04645bcb6c7721b0b62c64d?cid=616b3b0f6c8a4ae3984ad23275a44dfb,TRUE,1,track,spotify:track:6NJfIydBMYrXvlaXsFxmc8,
Seduce (Feat. Capella Grey & Tamae),"['Russ', 'Tamae', 'Capella Grey']",1,117446,FALSE,TRUE,{'isrc': 'QZS7J2143381'},{'spotify': 'https://open.spotify.com/track/5irzewJoHob42Nq3P9kOYh'},https://api.spotify.com/v1/tracks/5irzewJoHob42Nq3P9kOYh,5irzewJoHob42Nq3P9kOYh,FALSE,Seduce (Feat. Capella Grey & Tamae),68,https://p.scdn.co/mp3-preview/3f40171410e7541bbe9b60e266c8f8634d489d62?cid=616b3b0f6c8a4ae3984ad23275a44dfb,TRUE,1,track,spotify:track:5irzewJoHob42Nq3P9kOYh,
something more,['j ember'],1,196022,FALSE,FALSE,{'isrc': 'CAGEF1800001'},{'spotify': 'https://open.spotify.com/track/7rP2j96yHkABXBAKpMAFs9'},https://api.spotify.com/v1/tracks/7rP2j96yHkABXBAKpMAFs9,7rP2j96yHkABXBAKpMAFs9,FALSE,something more,52,https://p.scdn.co/mp3-preview/7c6710c96d60d1b5edc43cd7a77048826931b4e7?cid=616b3b0f6c8a4ae3984ad23275a44dfb,TRUE,1,track,spotify:track:7rP2j96yHkABXBAKpMAFs9,
Man O To,['Nu'],1,580406,FALSE,FALSE,{'isrc': 'GB7NR1717501'},{'spotify': 'https://open.spotify.com/track/1jk9NRyYFKPgfCX9BnW6yW'},https://api.spotify.com/v1/tracks/1jk9NRyYFKPgfCX9BnW6yW,1jk9NRyYFKPgfCX9BnW6yW,FALSE,Man O To - Original Mix,55,https://p.scdn.co/mp3-preview/546f3317e451400b77a0ccf5b0d6f8bd6b43540c?cid=616b3b0f6c8a4ae3984ad23275a44dfb,TRUE,1,track,spotify:track:1jk9NRyYFKPgfCX9BnW6yW,
Heavy Is The Head,['Stormzy'],1,196266,FALSE,TRUE,{'isrc': 'GBAHS1900571'},{'spotify': 'https://open.spotify.com/track/5DXKtoZLm31msT7tNGNHLG'},https://api.spotify.com/v1/tracks/5DXKtoZLm31msT7tNGNHLG,5DXKtoZLm31msT7tNGNHLG,FALSE,Vossi Bop,69,https://p.scdn.co/mp3-preview/18394a60948ec519b8348c573fda9afe56244b8f?cid=616b3b0f6c8a4ae3984ad23275a44dfb,TRUE,16,track,spotify:track:5DXKtoZLm31msT7tNGNHLG,
Hesitate,"['Golden Vessel', 'Emerson Leif']",1,251279,FALSE,FALSE,{'isrc': 'USL4Q1774604'},{'spotify': 'https://open.spotify.com/track/6L4xcis49DzITX6J3dPdcz'},https://api.spotify.com/v1/tracks/6L4xcis49DzITX6J3dPdcz,6L4xcis49DzITX6J3dPdcz,FALSE,Hesitate,50,https://p.scdn.co/mp3-preview/1f177ab0df648e40a25b21d0053734b5e1b27767?cid=616b3b0f6c8a4ae3984ad23275a44dfb,TRUE,1,track,spotify:track:6L4xcis49DzITX6J3dPdcz,
Genesis,"['Domo Genesis', 'Anderson .Paak']",1,193093,FALSE,TRUE,{'isrc': 'USQX91600320'},{'spotify': 'https://open.spotify.com/track/2Nh2cMryoXl7BrZoIeN2Pr'},https://api.spotify.com/v1/tracks/2Nh2cMryoXl7BrZoIeN2Pr,2Nh2cMryoXl7BrZoIeN2Pr,FALSE,Dapper (feat. Anderson .Paak),59,https://p.scdn.co/mp3-preview/888961a7267bfbad5afbf5646b134809058922f6?cid=616b3b0f6c8a4ae3984ad23275a44dfb,TRUE,9,track,spotify:track:2Nh2cMryoXl7BrZoIeN2Pr,
We're All Alone In This Together,['Dave'],1,182285,FALSE,TRUE,{'isrc': 'GBUM72104336'},{'spotify': 'https://open.spotify.com/track/7IPKXYU2rTMnrLW5IZ7ZI5'},https://api.spotify.com/v1/tracks/7IPKXYU2rTMnrLW5IZ7ZI5,7IPKXYU2rTMnrLW5IZ7ZI5,FALSE,Verdansk,70,https://p.scdn.co/mp3-preview/072df5cf54c7cbb3ac4798eac6a429b322964234?cid=616b3b0f6c8a4ae3984ad23275a44dfb,TRUE,2,track,spotify:track:7IPKXYU2rTMnrLW5IZ7ZI5,
Energy (Stay Far Away),"['Skepta', 'Wizkid']",1,199521,FALSE,TRUE,{'isrc': 'QM4TX1885995'},{'spotify': 'https://open.spotify.com/track/11RIJRbBfyLlJut96itSFd'},https://api.spotify.com/v1/tracks/11RIJRbBfyLlJut96itSFd,11RIJRbBfyLlJut96itSFd,FALSE,Energy (Stay Far Away),65,https://p.scdn.co/mp3-preview/7ceaa3bda8a7ee7a53848efc8b9565229becee3d?cid=616b3b0f6c8a4ae3984ad23275a44dfb,TRUE,1,track,spotify:track:11RIJRbBfyLlJut96itSFd,
CRUISE,['Ashh'],1,241352,FALSE,TRUE,{'isrc': 'FR0Z50026091'},{'spotify': 'https://open.spotify.com/track/0PT8bMUkb6Jnp449XpT9Sb'},https://api.spotify.com/v1/tracks/0PT8bMUkb6Jnp449XpT9Sb,0PT8bMUkb6Jnp449XpT9Sb,FALSE,Motel,41,https://p.scdn.co/mp3-preview/5c823419ef99b69a73a33a5f16629554296eb09b?cid=616b3b0f6c8a4ae3984ad23275a44dfb,TRUE,2,track,spotify:track:0PT8bMUkb6Jnp449XpT9Sb,
Ten$ion,['Die Antwoord'],1,236840,FALSE,TRUE,{'isrc': 'USCJ81100739'},{'spotify': 'https://open.spotify.com/track/6mlGXuG5FmzcePHsMn6rIA'},https://api.spotify.com/v1/tracks/6mlGXuG5FmzcePHsMn6rIA,6mlGXuG5FmzcePHsMn6rIA,FALSE,Baby's On Fire,62,https://p.scdn.co/mp3-preview/91432d1e9b2e90e475fd2f3ba76cadfdb66c55b6?cid=616b3b0f6c8a4ae3984ad23275a44dfb,TRUE,9,track,spotify:track:6mlGXuG5FmzcePHsMn6rIA,
Broke,['Samm Henshaw'],1,207722,FALSE,FALSE,{'isrc': 'GBARL1800632'},{'spotify': 'https://open.spotify.com/track/1JqcZQCnxjDOfZZwQidb1H'},https://api.spotify.com/v1/tracks/1JqcZQCnxjDOfZZwQidb1H,1JqcZQCnxjDOfZZwQidb1H,FALSE,Broke,59,https://p.scdn.co/mp3-preview/153aac84e666b8208e0413ba24d37720309d7cd8?cid=616b3b0f6c8a4ae3984ad23275a44dfb,TRUE,1,track,spotify:track:1JqcZQCnxjDOfZZwQidb1H,
Bury Me Alive - A COLORS SHOW,['Kelvyn Colt'],1,190520,FALSE,TRUE,{'isrc': 'DEXC82000028'},{'spotify': 'https://open.spotify.com/track/3WYi1575ASoC29z2deBD9F'},https://api.spotify.com/v1/tracks/3WYi1575ASoC29z2deBD9F,3WYi1575ASoC29z2deBD9F,FALSE,Bury Me Alive - A COLORS SHOW,35,https://p.scdn.co/mp3-preview/671c558e33cacff98b54554186131f63eb8e6cc7?cid=616b3b0f6c8a4ae3984ad23275a44dfb,TRUE,1,track,spotify:track:3WYi1575ASoC29z2deBD9F,
Konnichiwa,"['Skepta', 'Young Lord']",1,223411,FALSE,TRUE,{'isrc': 'GBSYA1400010'},{'spotify': 'https://open.spotify.com/track/26DdCbuwHRX1BgWeHQIn1C'},https://api.spotify.com/v1/tracks/26DdCbuwHRX1BgWeHQIn1C,26DdCbuwHRX1BgWeHQIn1C,FALSE,It Ain't Safe,57,https://p.scdn.co/mp3-preview/3b11c1e09a4b84234ea9fb115757726ea17fb5d0?cid=616b3b0f6c8a4ae3984ad23275a44dfb,TRUE,5,track,spotify:track:26DdCbuwHRX1BgWeHQIn1C,
We're All Alone In This Together,"['Dave', 'Stormzy']",1,251733,FALSE,TRUE,{'isrc': 'GBUM72103840'},{'spotify': 'https://open.spotify.com/track/2zxEc1GCSCxbHIXTfhraRC'},https://api.spotify.com/v1/tracks/2zxEc1GCSCxbHIXTfhraRC,2zxEc1GCSCxbHIXTfhraRC,FALSE,Clash (feat. Stormzy),72,https://p.scdn.co/mp3-preview/19748abfa448cb1918bef98b218880b44d616eb5?cid=616b3b0f6c8a4ae3984ad23275a44dfb,TRUE,3,track,spotify:track:2zxEc1GCSCxbHIXTfhraRC,
4 Track EP,['Litany'],1,186781,FALSE,FALSE,{'isrc': 'UKD3V1700006'},{'spotify': 'https://open.spotify.com/track/2x1Up4aNJ9mpmiPFJ83MX3'},https://api.spotify.com/v1/tracks/2x1Up4aNJ9mpmiPFJ83MX3,2x1Up4aNJ9mpmiPFJ83MX3,FALSE,Bedroom,59,https://p.scdn.co/mp3-preview/264df8799d9f917e4025624b477804be9a4ea988?cid=616b3b0f6c8a4ae3984ad23275a44dfb,TRUE,6,track,spotify:track:2x1Up4aNJ9mpmiPFJ83MX3,
sotto voce,['slenderbodies'],1,183157,FALSE,FALSE,{'isrc': 'SEYOK1632441'},{'spotify': 'https://open.spotify.com/track/6k8Z9CtoRLk9mXarke5LHQ'},https://api.spotify.com/v1/tracks/6k8Z9CtoRLk9mXarke5LHQ,6k8Z9CtoRLk9mXarke5LHQ,FALSE,gray,51,https://p.scdn.co/mp3-preview/ffe74e24cb283e2435bf4ce0c8c849abdf044596?cid=616b3b0f6c8a4ae3984ad23275a44dfb,TRUE,1,track,spotify:track:6k8Z9CtoRLk9mXarke5LHQ,
Lalala,"['Y2K', 'bbno$']",1,160626,FALSE,TRUE,{'isrc': 'USSM11904230'},{'spotify': 'https://open.spotify.com/track/51Fjme0JiitpyXKuyQiCDo'},https://api.spotify.com/v1/tracks/51Fjme0JiitpyXKuyQiCDo,51Fjme0JiitpyXKuyQiCDo,FALSE,Lalala,74,https://p.scdn.co/mp3-preview/5092bebc7468a8e0d80f043cd426e84adb6cafb0?cid=616b3b0f6c8a4ae3984ad23275a44dfb,TRUE,1,track,spotify:track:51Fjme0JiitpyXKuyQiCDo,
We're All Alone In This Together,['Dave'],1,423909,FALSE,TRUE,{'isrc': 'GBUM72104337'},{'spotify': 'https://open.spotify.com/track/3mtaSob1BQO4HMSA8lWKRt'},https://api.spotify.com/v1/tracks/3mtaSob1BQO4HMSA8lWKRt,3mtaSob1BQO4HMSA8lWKRt,FALSE,In The Fire,63,https://p.scdn.co/mp3-preview/542852e9574b0f90c33e1c91516890477a558528?cid=616b3b0f6c8a4ae3984ad23275a44dfb,TRUE,4,track,spotify:track:3mtaSob1BQO4HMSA8lWKRt,
I'm Allergic To Dogs!,['Remi Wolf'],1,192000,FALSE,FALSE,{'isrc': 'USUG12001075'},{'spotify': 'https://open.spotify.com/track/0T7aTl1t15HKHfwep4nANV'},https://api.spotify.com/v1/tracks/0T7aTl1t15HKHfwep4nANV,0T7aTl1t15HKHfwep4nANV,FALSE,Disco Man,64,https://p.scdn.co/mp3-preview/ab73dd0e703fa63a758e13b65251c4a0b65a8b5a?cid=616b3b0f6c8a4ae3984ad23275a44dfb,TRUE,5,track,spotify:track:0T7aTl1t15HKHfwep4nANV,
Lady Lady,"['Masego', 'FKJ']",1,301893,FALSE,FALSE,{'isrc': 'QM24S1703810'},{'spotify': 'https://open.spotify.com/track/51rPRW8NjxZoWPPjnRGzHw'},https://api.spotify.com/v1/tracks/51rPRW8NjxZoWPPjnRGzHw,51rPRW8NjxZoWPPjnRGzHw,FALSE,Tadow,75,https://p.scdn.co/mp3-preview/074dab958ebbd38d5fea18b54f46eff683722e7d?cid=616b3b0f6c8a4ae3984ad23275a44dfb,TRUE,13,track,spotify:track:51rPRW8NjxZoWPPjnRGzHw,
Mr. Wonderful,"['Action Bronson', 'Chance the Rapper']",1,280160,FALSE,TRUE,{'isrc': 'USAT21500295'},{'spotify': 'https://open.spotify.com/track/7gDwRzJhLs0fFHaGtMDJVM'},https://api.spotify.com/v1/tracks/7gDwRzJhLs0fFHaGtMDJVM,7gDwRzJhLs0fFHaGtMDJVM,FALSE,Baby Blue (feat. Chance the Rapper),62,https://p.scdn.co/mp3-preview/412d163ead4c3002098d5f445faf8f918ce804f0?cid=616b3b0f6c8a4ae3984ad23275a44dfb,TRUE,9,track,spotify:track:7gDwRzJhLs0fFHaGtMDJVM,
"Nathy Peluso: Bzrp Music Sessions, Vol. 36","['Bizarrap', 'NATHY PELUSO']",1,171215,FALSE,FALSE,{'isrc': 'UYB282001011'},{'spotify': 'https://open.spotify.com/track/78SeXVRJ7KCqVmOwTiFjnI'},https://api.spotify.com/v1/tracks/78SeXVRJ7KCqVmOwTiFjnI,78SeXVRJ7KCqVmOwTiFjnI,FALSE,"Nathy Peluso: Bzrp Music Sessions, Vol. 36",73,https://p.scdn.co/mp3-preview/490422b0a1228de94112a8a35afc5ea695051d9e?cid=616b3b0f6c8a4ae3984ad23275a44dfb,TRUE,1,track,spotify:track:78SeXVRJ7KCqVmOwTiFjnI,
#DIY,"['Trettmann', 'KitschKrieg', 'SFR', 'Marteria']",1,192640,FALSE,FALSE,{'isrc': 'DEZ651712153'},{'spotify': 'https://open.spotify.com/track/6TFK86Zfpj1i2cJdKxx5p1'},https://api.spotify.com/v1/tracks/6TFK86Zfpj1i2cJdKxx5p1,6TFK86Zfpj1i2cJdKxx5p1,FALSE,Fast Forward (feat. Marteria),48,https://p.scdn.co/mp3-preview/4c5bd49875ee80af4bb09f08dd44df5f67fcf92e?cid=616b3b0f6c8a4ae3984ad23275a44dfb,TRUE,9,track,spotify:track:6TFK86Zfpj1i2cJdKxx5p1,
Let Go,['Avril Lavigne'],1,204000,FALSE,FALSE,{'isrc': 'USAR10200229'},{'spotify': 'https://open.spotify.com/track/00Mb3DuaIH1kjrwOku9CGU'},https://api.spotify.com/v1/tracks/00Mb3DuaIH1kjrwOku9CGU,00Mb3DuaIH1kjrwOku9CGU,FALSE,Sk8er Boi,76,https://p.scdn.co/mp3-preview/aedcfb231d387d187553e582cfede55a49e4c991?cid=616b3b0f6c8a4ae3984ad23275a44dfb,TRUE,3,track,spotify:track:00Mb3DuaIH1kjrwOku9CGU,
We're All Alone In This Together,['Dave'],1,423909,FALSE,TRUE,{'isrc': 'GBUM72104337'},{'spotify': 'https://open.spotify.com/track/3mtaSob1BQO4HMSA8lWKRt'},https://api.spotify.com/v1/tracks/3mtaSob1BQO4HMSA8lWKRt,3mtaSob1BQO4HMSA8lWKRt,FALSE,In The Fire,63,https://p.scdn.co/mp3-preview/542852e9574b0f90c33e1c91516890477a558528?cid=616b3b0f6c8a4ae3984ad23275a44dfb,TRUE,4,track,spotify:track:3mtaSob1BQO4HMSA8lWKRt,
Dawn EP,"['filous', 'James Hersey']",1,198000,FALSE,FALSE,{'isrc': 'USUS11203409'},{'spotify': 'https://open.spotify.com/track/0OfZ9imMwFU03zc2wl8pBt'},https://api.spotify.com/v1/tracks/0OfZ9imMwFU03zc2wl8pBt,0OfZ9imMwFU03zc2wl8pBt,FALSE,How Hard I Try,55,https://p.scdn.co/mp3-preview/6236f7d0486fcc31d1b291465c0a53ae8b183921?cid=616b3b0f6c8a4ae3984ad23275a44dfb,TRUE,2,track,spotify:track:0OfZ9imMwFU03zc2wl8pBt,
Shakey Graves on Audiotree Live (2013),['Shakey Graves'],1,291596,FALSE,FALSE,{'isrc': 'QM99V1421501'},{'spotify': 'https://open.spotify.com/track/1Yxbxg5R6dQcYmOdjvlXP0'},https://api.spotify.com/v1/tracks/1Yxbxg5R6dQcYmOdjvlXP0,1Yxbxg5R6dQcYmOdjvlXP0,FALSE,Roll The Bones - Audiotree Live Version,59,https://p.scdn.co/mp3-preview/2417cd3945a098b2501546cac091bf8bd7b3e939?cid=616b3b0f6c8a4ae3984ad23275a44dfb,TRUE,1,track,spotify:track:1Yxbxg5R6dQcYmOdjvlXP0,
Water,"['Kojey Radical', 'Mahalia', 'Swindle']",1,207946,FALSE,TRUE,{'isrc': 'QM4TW1876302'},{'spotify': 'https://open.spotify.com/track/6I15UB0IPWQhJNJEPQ1gLE'},https://api.spotify.com/v1/tracks/6I15UB0IPWQhJNJEPQ1gLE,6I15UB0IPWQhJNJEPQ1gLE,FALSE,Water (with Mahalia),49,https://p.scdn.co/mp3-preview/df95887eca0557dde3d53e45ef5c59921a02c27a?cid=616b3b0f6c8a4ae3984ad23275a44dfb,TRUE,1,track,spotify:track:6I15UB0IPWQhJNJEPQ1gLE,
Trettmann,"['Trettmann', 'KitschKrieg', 'SFR', 'KeKe']",1,203525,FALSE,FALSE,{'isrc': 'DELV41900373'},{'spotify': 'https://open.spotify.com/track/1BPeDi69y1PIqB9Hnc5DVu'},https://api.spotify.com/v1/tracks/1BPeDi69y1PIqB9Hnc5DVu,1BPeDi69y1PIqB9Hnc5DVu,FALSE,Wenn du mich brauchst,41,https://p.scdn.co/mp3-preview/ab68aeae448c6aaf70660987a264fc92c16744ab?cid=616b3b0f6c8a4ae3984ad23275a44dfb,TRUE,10,track,spotify:track:1BPeDi69y1PIqB9Hnc5DVu,
Ain't It Different (feat. AJ Tracey & Stormzy),"['Headie One', 'AJ Tracey', 'Stormzy']",1,196363,FALSE,TRUE,{'isrc': 'GBARL2001008'},{'spotify': 'https://open.spotify.com/track/6NJfIydBMYrXvlaXsFxmc8'},https://api.spotify.com/v1/tracks/6NJfIydBMYrXvlaXsFxmc8,6NJfIydBMYrXvlaXsFxmc8,FALSE,Ain't It Different (feat. AJ Tracey & Stormzy),63,https://p.scdn.co/mp3-preview/3c626565d61bfd33c04645bcb6c7721b0b62c64d?cid=616b3b0f6c8a4ae3984ad23275a44dfb,TRUE,1,track,spotify:track:6NJfIydBMYrXvlaXsFxmc8,
Seduce (Feat. Capella Grey & Tamae),"['Russ', 'Tamae', 'Capella Grey']",1,117446,FALSE,TRUE,{'isrc': 'QZS7J2143381'},{'spotify': 'https://open.spotify.com/track/5irzewJoHob42Nq3P9kOYh'},https://api.spotify.com/v1/tracks/5irzewJoHob42Nq3P9kOYh,5irzewJoHob42Nq3P9kOYh,FALSE,Seduce (Feat. Capella Grey & Tamae),68,https://p.scdn.co/mp3-preview/3f40171410e7541bbe9b60e266c8f8634d489d62?cid=616b3b0f6c8a4ae3984ad23275a44dfb,TRUE,1,track,spotify:track:5irzewJoHob42Nq3P9kOYh,
Demo 001,['Wiley from Atlanta'],1,223101,FALSE,TRUE,{'isrc': 'QM24S1840135'},{'spotify': 'https://open.spotify.com/track/4NeHCGpTPVCudqVpJiT7O9'},https://api.spotify.com/v1/tracks/4NeHCGpTPVCudqVpJiT7O9,4NeHCGpTPVCudqVpJiT7O9,FALSE,Pink Skies (Demo),61,https://p.scdn.co/mp3-preview/c373ad7b728739c78f11c4f232c40e1f4ea83433?cid=616b3b0f6c8a4ae3984ad23275a44dfb,TRUE,1,track,spotify:track:4NeHCGpTPVCudqVpJiT7O9,
Freestyle,['Rod Wave'],1,174768,FALSE,TRUE,{'isrc': 'USLD91727964'},{'spotify': 'https://open.spotify.com/track/0qI2Zclmx79YzOREH3UCtr'},https://api.spotify.com/v1/tracks/0qI2Zclmx79YzOREH3UCtr,0qI2Zclmx79YzOREH3UCtr,FALSE,Freestyle,0,,TRUE,1,track,spotify:track:0qI2Zclmx79YzOREH3UCtr,[]
I'm Allergic To Dogs!,['Remi Wolf'],1,192000,FALSE,FALSE,{'isrc': 'USUG12001075'},{'spotify': 'https://open.spotify.com/track/0T7aTl1t15HKHfwep4nANV'},https://api.spotify.com/v1/tracks/0T7aTl1t15HKHfwep4nANV,0T7aTl1t15HKHfwep4nANV,FALSE,Disco Man,64,https://p.scdn.co/mp3-preview/ab73dd0e703fa63a758e13b65251c4a0b65a8b5a?cid=616b3b0f6c8a4ae3984ad23275a44dfb,TRUE,5,track,spotify:track:0T7aTl1t15HKHfwep4nANV,
Vossi Bop,['Stormzy'],1,196266,FALSE,TRUE,{'isrc': 'GBAHS1900571'},{'spotify': 'https://open.spotify.com/track/44ZJ4hLD5onikKsVLQaILr'},https://api.spotify.com/v1/tracks/44ZJ4hLD5onikKsVLQaILr,44ZJ4hLD5onikKsVLQaILr,FALSE,Vossi Bop,62,https://p.scdn.co/mp3-preview/18394a60948ec519b8348c573fda9afe56244b8f?cid=616b3b0f6c8a4ae3984ad23275a44dfb,TRUE,1,track,spotify:track:44ZJ4hLD5onikKsVLQaILr,
LOL (2008 yellow bonus version/no videos_France),['Basshunter'],1,247746,FALSE,FALSE,{'isrc': 'SEPQA0651311'},{'spotify': 'https://open.spotify.com/track/4ZW1Ghu4P0DZJwrHM3xANd'},https://api.spotify.com/v1/tracks/4ZW1Ghu4P0DZJwrHM3xANd,4ZW1Ghu4P0DZJwrHM3xANd,FALSE,Russia Privjet,41,https://p.scdn.co/mp3-preview/4ae3bd6445af2e100fbcbfebcf6e9bc72badce54?cid=616b3b0f6c8a4ae3984ad23275a44dfb,TRUE,4,track,spotify:track:4ZW1Ghu4P0DZJwrHM3xANd,
"When I’m About, You’ll Know",['808INK'],1,214500,FALSE,FALSE,{'isrc': 'GBUM71705189'},{'spotify': 'https://open.spotify.com/track/35eTRjsCyCIASS7UmurJUc'},https://api.spotify.com/v1/tracks/35eTRjsCyCIASS7UmurJUc,35eTRjsCyCIASS7UmurJUc,FALSE,Flexing (Side A),39,https://p.scdn.co/mp3-preview/c93d14bbbfbe495b185da56a39d2ea0d85c57041?cid=616b3b0f6c8a4ae3984ad23275a44dfb,TRUE,2,track,spotify:track:35eTRjsCyCIASS7UmurJUc,
Strawberry Skies,['Pacific Avenue'],1,277048,FALSE,FALSE,{'isrc': 'AUAOL1900008'},{'spotify': 'https://open.spotify.com/track/7cZ8WK2PcFIj9Ph8BzVECM'},https://api.spotify.com/v1/tracks/7cZ8WK2PcFIj9Ph8BzVECM,7cZ8WK2PcFIj9Ph8BzVECM,FALSE,Someday Soon,44,https://p.scdn.co/mp3-preview/11697bb7fe822a3fd3e52389fc84917ff8191c27?cid=616b3b0f6c8a4ae3984ad23275a44dfb,TRUE,4,track,spotify:track:7cZ8WK2PcFIj9Ph8BzVECM,
Mr. Wonderful,"['Action Bronson', 'Chance the Rapper']",1,280160,FALSE,TRUE,{'isrc': 'USAT21500295'},{'spotify': 'https://open.spotify.com/track/7gDwRzJhLs0fFHaGtMDJVM'},https://api.spotify.com/v1/tracks/7gDwRzJhLs0fFHaGtMDJVM,7gDwRzJhLs0fFHaGtMDJVM,FALSE,Baby Blue (feat. Chance the Rapper),62,https://p.scdn.co/mp3-preview/412d163ead4c3002098d5f445faf8f918ce804f0?cid=616b3b0f6c8a4ae3984ad23275a44dfb,TRUE,9,track,spotify:track:7gDwRzJhLs0fFHaGtMDJVM,
Malibu,['Anderson .Paak'],1,169726,FALSE,TRUE,{'isrc': 'USUYG1088425'},{'spotify': 'https://open.spotify.com/track/276zciJ7Fg7Jk6Ta6QuLkp'},https://api.spotify.com/v1/tracks/276zciJ7Fg7Jk6Ta6QuLkp,276zciJ7Fg7Jk6Ta6QuLkp,FALSE,Come Down,65,https://p.scdn.co/mp3-preview/caefc4838acea0923335dcf2db49e0742e109859?cid=616b3b0f6c8a4ae3984ad23275a44dfb,TRUE,13,track,spotify:track:276zciJ7Fg7Jk6Ta6QuLkp,
PSYCHODRAMA,"['Dave', 'Burna Boy']",1,241293,FALSE,TRUE,{'isrc': 'GBUM71900578'},{'spotify': 'https://open.spotify.com/track/3z4CGd63tpUn9a6oQSG0CI'},https://api.spotify.com/v1/tracks/3z4CGd63tpUn9a6oQSG0CI,3z4CGd63tpUn9a6oQSG0CI,FALSE,Location (feat. Burna Boy),79,https://p.scdn.co/mp3-preview/ce399f49c81966ac6a0a853bab5d17f60fea5257?cid=616b3b0f6c8a4ae3984ad23275a44dfb,TRUE,5,track,spotify:track:3z4CGd63tpUn9a6oQSG0CI,
Energy (Stay Far Away),"['Skepta', 'Wizkid']",1,199521,FALSE,TRUE,{'isrc': 'QM4TX1885995'},{'spotify': 'https://open.spotify.com/track/11RIJRbBfyLlJut96itSFd'},https://api.spotify.com/v1/tracks/11RIJRbBfyLlJut96itSFd,11RIJRbBfyLlJut96itSFd,FALSE,Energy (Stay Far Away),65,https://p.scdn.co/mp3-preview/7ceaa3bda8a7ee7a53848efc8b9565229becee3d?cid=616b3b0f6c8a4ae3984ad23275a44dfb,TRUE,1,track,spotify:track:11RIJRbBfyLlJut96itSFd,
Black Caesar,"['James Brown', ""The J.B.'s""]",1,194866,FALSE,FALSE,{'isrc': 'USPR37380050'},{'spotify': 'https://open.spotify.com/track/6LzjgzpVl0hB3YrBU1b8Z1'},https://api.spotify.com/v1/tracks/6LzjgzpVl0hB3YrBU1b8Z1,6LzjgzpVl0hB3YrBU1b8Z1,FALSE,The Boss,62,https://p.scdn.co/mp3-preview/c212451c5540249c6bb72b5bff6ecbbe52a7c40c?cid=616b3b0f6c8a4ae3984ad23275a44dfb,TRUE,5,track,spotify:track:6LzjgzpVl0hB3YrBU1b8Z1,
Link Up & Suede,"['NxWorries', 'Anderson .Paak', 'Knxwledge']",1,304906,FALSE,TRUE,{'isrc': 'US2S71567006'},{'spotify': 'https://open.spotify.com/track/4isFUxQUxqEGUbwnYIV1se'},https://api.spotify.com/v1/tracks/4isFUxQUxqEGUbwnYIV1se,4isFUxQUxqEGUbwnYIV1se,FALSE,Droogs,0,,TRUE,6,track,spotify:track:4isFUxQUxqEGUbwnYIV1se,[]
Man O To,['Nu'],1,580406,FALSE,FALSE,{'isrc': 'GB7NR1717501'},{'spotify': 'https://open.spotify.com/track/1jk9NRyYFKPgfCX9BnW6yW'},https://api.spotify.com/v1/tracks/1jk9NRyYFKPgfCX9BnW6yW,1jk9NRyYFKPgfCX9BnW6yW,FALSE,Man O To - Original Mix,55,https://p.scdn.co/mp3-preview/546f3317e451400b77a0ccf5b0d6f8bd6b43540c?cid=616b3b0f6c8a4ae3984ad23275a44dfb,TRUE,1,track,spotify:track:1jk9NRyYFKPgfCX9BnW6yW,
"SOL, VOL. 2",['Jay Prince'],1,194498,FALSE,FALSE,{'isrc': 'USUYG1338701'},{'spotify': 'https://open.spotify.com/track/6TCIT9UrbWdT6w7ljB8h2U'},https://api.spotify.com/v1/tracks/6TCIT9UrbWdT6w7ljB8h2U,6TCIT9UrbWdT6w7ljB8h2U,FALSE,NOBODY'S BUSINESS,42,https://p.scdn.co/mp3-preview/73f74781154e915781cf68b12d49324609d8c780?cid=616b3b0f6c8a4ae3984ad23275a44dfb,TRUE,2,track,spotify:track:6TCIT9UrbWdT6w7ljB8h2U,
Man On The Moon III: The Chosen,['Kid Cudi'],1,193293,FALSE,TRUE,{'isrc': 'USUM72023838'},{'spotify': 'https://open.spotify.com/track/30KctD1WsHKTIYczXjip5a'},https://api.spotify.com/v1/tracks/30KctD1WsHKTIYczXjip5a,30KctD1WsHKTIYczXjip5a,FALSE,Tequila Shots,73,https://p.scdn.co/mp3-preview/15850ab715bef5f623777a39def0825ca8b28ca7?cid=616b3b0f6c8a4ae3984ad23275a44dfb,TRUE,2,track,spotify:track:30KctD1WsHKTIYczXjip5a,
Wow,['Tion Wayne'],1,173571,FALSE,TRUE,{'isrc': 'GBAHS2100307'},{'spotify': 'https://open.spotify.com/track/1zEtEb820Vwe9giuUFXH7H'},https://api.spotify.com/v1/tracks/1zEtEb820Vwe9giuUFXH7H,1zEtEb820Vwe9giuUFXH7H,FALSE,Wow,59,https://p.scdn.co/mp3-preview/8b1004de6f678081564f9d14e1725f33ee4596db?cid=616b3b0f6c8a4ae3984ad23275a44dfb,TRUE,1,track,spotify:track:1zEtEb820Vwe9giuUFXH7H,
Jesus Piece (Deluxe),"['The Game', 'Elijah Blake']",1,346880,FALSE,TRUE,{'isrc': 'USUM71214418'},{'spotify': 'https://open.spotify.com/track/1Y7PcAoFbvlTWGX75kzyf5'},https://api.spotify.com/v1/tracks/1Y7PcAoFbvlTWGX75kzyf5,1Y7PcAoFbvlTWGX75kzyf5,FALSE,Freedom,30,https://p.scdn.co/mp3-preview/1d47f9914d69205ab861213458cb54d76effe444?cid=616b3b0f6c8a4ae3984ad23275a44dfb,TRUE,12,track,spotify:track:1Y7PcAoFbvlTWGX75kzyf5,
Redemption,['Jevon'],1,158769,FALSE,TRUE,{'isrc': 'US23A1500831'},{'spotify': 'https://open.spotify.com/track/77SYCWvukH9LFzL1f2GJhw'},https://api.spotify.com/v1/tracks/77SYCWvukH9LFzL1f2GJhw,77SYCWvukH9LFzL1f2GJhw,FALSE,Redemption,36,https://p.scdn.co/mp3-preview/b2b3344ebf5c3d703c1abbad2ab82eb854473983?cid=616b3b0f6c8a4ae3984ad23275a44dfb,TRUE,1,track,spotify:track:77SYCWvukH9LFzL1f2GJhw,
Greatest Hits: God's Favorite Band,['Green Day'],1,232680,FALSE,FALSE,{'isrc': 'USRE10400984'},{'spotify': 'https://open.spotify.com/track/4VgEM12OeaN3GyBV487Me7'},https://api.spotify.com/v1/tracks/4VgEM12OeaN3GyBV487Me7,4VgEM12OeaN3GyBV487Me7,FALSE,Holiday,69,https://p.scdn.co/mp3-preview/10857b64fb07054c78c64634250c06b6cb4e36db?cid=616b3b0f6c8a4ae3984ad23275a44dfb,TRUE,13,track,spotify:track:4VgEM12OeaN3GyBV487Me7,
CRUISE,['Ashh'],1,241352,FALSE,TRUE,{'isrc': 'FR0Z50026091'},{'spotify': 'https://open.spotify.com/track/0PT8bMUkb6Jnp449XpT9Sb'},https://api.spotify.com/v1/tracks/0PT8bMUkb6Jnp449XpT9Sb,0PT8bMUkb6Jnp449XpT9Sb,FALSE,Motel,41,https://p.scdn.co/mp3-preview/5c823419ef99b69a73a33a5f16629554296eb09b?cid=616b3b0f6c8a4ae3984ad23275a44dfb,TRUE,2,track,spotify:track:0PT8bMUkb6Jnp449XpT9Sb,
L'hiver indien (Radio edit),['Baloji'],1,207681,FALSE,FALSE,{'isrc': 'GBBRP1771801'},{'spotify': 'https://open.spotify.com/track/4dObgZQHN4F5mWsTmJlAqK'},https://api.spotify.com/v1/tracks/4dObgZQHN4F5mWsTmJlAqK,4dObgZQHN4F5mWsTmJlAqK,FALSE,L'hiver indien - Radio édit,38,https://p.scdn.co/mp3-preview/2f7bba794b8eb68cd6ab14bd30f118da45e7a4b4?cid=616b3b0f6c8a4ae3984ad23275a44dfb,TRUE,1,track,spotify:track:4dObgZQHN4F5mWsTmJlAqK,
Floor Seats,"['A$AP Ferg', 'MadeinTYO']",1,157586,FALSE,TRUE,{'isrc': 'USRC11901971'},{'spotify': 'https://open.spotify.com/track/7f2HHmhlbdkW5f9Ge26qny'},https://api.spotify.com/v1/tracks/7f2HHmhlbdkW5f9Ge26qny,7f2HHmhlbdkW5f9Ge26qny,FALSE,WAM,63,https://p.scdn.co/mp3-preview/ea6a4f93976fc594e20af6b740993dc94a4bafc7?cid=616b3b0f6c8a4ae3984ad23275a44dfb,TRUE,3,track,spotify:track:7f2HHmhlbdkW5f9Ge26qny,
Genesis,"['Domo Genesis', 'Anderson .Paak']",1,193093,FALSE,TRUE,{'isrc': 'USQX91600320'},{'spotify': 'https://open.spotify.com/track/2Nh2cMryoXl7BrZoIeN2Pr'},https://api.spotify.com/v1/tracks/2Nh2cMryoXl7BrZoIeN2Pr,2Nh2cMryoXl7BrZoIeN2Pr,FALSE,Dapper (feat. Anderson .Paak),59,https://p.scdn.co/mp3-preview/888961a7267bfbad5afbf5646b134809058922f6?cid=616b3b0f6c8a4ae3984ad23275a44dfb,TRUE,9,track,spotify:track:2Nh2cMryoXl7BrZoIeN2Pr,
#DIY,"['Trettmann', 'KitschKrieg', 'SFR', 'Haiyti', 'Joey Bargeld']",1,273814,FALSE,FALSE,{'isrc': 'DEZ651712151'},{'spotify': 'https://open.spotify.com/track/7hb26Wf2nOK4jRkBiSTC0D'},https://api.spotify.com/v1/tracks/7hb26Wf2nOK4jRkBiSTC0D,7hb26Wf2nOK4jRkBiSTC0D,FALSE,Nur noch einen (feat. Joey Bargeld & Haiyti),46,https://p.scdn.co/mp3-preview/f3e94a21be0406bb1fc55e6b5223c2ac58b42cc0?cid=616b3b0f6c8a4ae3984ad23275a44dfb,TRUE,7,track,spotify:track:7hb26Wf2nOK4jRkBiSTC0D,
Shine,"['Estelle', 'Kanye West']",1,284733,FALSE,TRUE,{'isrc': 'USAT20706210'},{'spotify': 'https://open.spotify.com/track/22UDw8rSfLbUsaAGTXQ4Z8'},https://api.spotify.com/v1/tracks/22UDw8rSfLbUsaAGTXQ4Z8,22UDw8rSfLbUsaAGTXQ4Z8,FALSE,American Boy,73,,TRUE,3,track,spotify:track:22UDw8rSfLbUsaAGTXQ4Z8,[]
Broke,['Samm Henshaw'],1,207722,FALSE,FALSE,{'isrc': 'GBARL1800632'},{'spotify': 'https://open.spotify.com/track/1JqcZQCnxjDOfZZwQidb1H'},https://api.spotify.com/v1/tracks/1JqcZQCnxjDOfZZwQidb1H,1JqcZQCnxjDOfZZwQidb1H,FALSE,Broke,59,https://p.scdn.co/mp3-preview/153aac84e666b8208e0413ba24d37720309d7cd8?cid=616b3b0f6c8a4ae3984ad23275a44dfb,TRUE,1,track,spotify:track:1JqcZQCnxjDOfZZwQidb1H,
Manners,['Passion Pit'],1,174760,FALSE,FALSE,{'isrc': 'USSM10901014'},{'spotify': 'https://open.spotify.com/track/4prEPl61C8qZpeo3IkYSMl'},https://api.spotify.com/v1/tracks/4prEPl61C8qZpeo3IkYSMl,4prEPl61C8qZpeo3IkYSMl,FALSE,Sleepyhead,66,https://p.scdn.co/mp3-preview/1ced21adbddc7c4a0f36ffc0257be0705953c130?cid=616b3b0f6c8a4ae3984ad23275a44dfb,TRUE,9,track,spotify:track:4prEPl61C8qZpeo3IkYSMl,
#DIY,"['Trettmann', 'KitschKrieg', 'SFR']",1,202354,FALSE,FALSE,{'isrc': 'DEZ651712145'},{'spotify': 'https://open.spotify.com/track/1VWpChGrrDJpXf8zkxnqg6'},https://api.spotify.com/v1/tracks/1VWpChGrrDJpXf8zkxnqg6,1VWpChGrrDJpXf8zkxnqg6,FALSE,#DIY,40,https://p.scdn.co/mp3-preview/0c9533d31668fa79567d7f5cbec3b29259e343c5?cid=616b3b0f6c8a4ae3984ad23275a44dfb,TRUE,1,track,spotify:track:1VWpChGrrDJpXf8zkxnqg6,
Lockdown,['Anderson .Paak'],1,212613,FALSE,TRUE,{'isrc': 'ZZOPM2002643'},{'spotify': 'https://open.spotify.com/track/5oZps6mYqU5s7A4WjUZggJ'},https://api.spotify.com/v1/tracks/5oZps6mYqU5s7A4WjUZggJ,5oZps6mYqU5s7A4WjUZggJ,FALSE,Lockdown,55,https://p.scdn.co/mp3-preview/3d7f3f9b41315b62c9eeb920b309f494b61776fa?cid=616b3b0f6c8a4ae3984ad23275a44dfb,TRUE,1,track,spotify:track:5oZps6mYqU5s7A4WjUZggJ,
A Vibe (feat. Wiz Khalifa),"['Protoje', 'Wiz Khalifa']",1,163853,FALSE,FALSE,{'isrc': 'USRC12002485'},{'spotify': 'https://open.spotify.com/track/6gkepFIH72ZdSIAjtvS7ZV'},https://api.spotify.com/v1/tracks/6gkepFIH72ZdSIAjtvS7ZV,6gkepFIH72ZdSIAjtvS7ZV,FALSE,A Vibe (feat. Wiz Khalifa),46,https://p.scdn.co/mp3-preview/31fd8714f5d417a64413670f72307edc89a23587?cid=616b3b0f6c8a4ae3984ad23275a44dfb,TRUE,1,track,spotify:track:6gkepFIH72ZdSIAjtvS7ZV,
Gang Signs & Prayer,['Stormzy'],1,179564,FALSE,TRUE,{'isrc': 'GBLFP1599790'},{'spotify': 'https://open.spotify.com/track/2LPUvD5DDOO4UYGkWgjI2C'},https://api.spotify.com/v1/tracks/2LPUvD5DDOO4UYGkWgjI2C,2LPUvD5DDOO4UYGkWgjI2C,FALSE,Shut Up,66,https://p.scdn.co/mp3-preview/24013dc1289717d9bbc94a07632ed3a496b58401?cid=616b3b0f6c8a4ae3984ad23275a44dfb,TRUE,15,track,spotify:track:2LPUvD5DDOO4UYGkWgjI2C,
#DIY,"['Trettmann', 'Gzuz', 'KitschKrieg', 'SFR']",1,207519,FALSE,TRUE,{'isrc': 'DEZ651711897'},{'spotify': 'https://open.spotify.com/track/1ckGMWhdwm7SY4PeMxtKr5'},https://api.spotify.com/v1/tracks/1ckGMWhdwm7SY4PeMxtKr5,1ckGMWhdwm7SY4PeMxtKr5,FALSE,Knöcheltief,57,https://p.scdn.co/mp3-preview/cee233bc584dbe62344805038651e05f75de5716?cid=616b3b0f6c8a4ae3984ad23275a44dfb,TRUE,2,track,spotify:track:1ckGMWhdwm7SY4PeMxtKr5,
Ignorance is Bliss,"['Skepta', 'J Hus']",1,211120,FALSE,TRUE,{'isrc': 'QM6MZ1960810'},{'spotify': 'https://open.spotify.com/track/4DmgUMnnCw27Tu5Jvqhm1n'},https://api.spotify.com/v1/tracks/4DmgUMnnCw27Tu5Jvqhm1n,4DmgUMnnCw27Tu5Jvqhm1n,FALSE,What Do You Mean?,57,https://p.scdn.co/mp3-preview/75ca37371f4089e8a2654d5f86eadfd13656e841?cid=616b3b0f6c8a4ae3984ad23275a44dfb,TRUE,5,track,spotify:track:4DmgUMnnCw27Tu5Jvqhm1n,
Lalala,"['Y2K', 'bbno$']",1,160626,FALSE,TRUE,{'isrc': 'USSM11904230'},{'spotify': 'https://open.spotify.com/track/51Fjme0JiitpyXKuyQiCDo'},https://api.spotify.com/v1/tracks/51Fjme0JiitpyXKuyQiCDo,51Fjme0JiitpyXKuyQiCDo,FALSE,Lalala,74,https://p.scdn.co/mp3-preview/5092bebc7468a8e0d80f043cd426e84adb6cafb0?cid=616b3b0f6c8a4ae3984ad23275a44dfb,TRUE,1,track,spotify:track:51Fjme0JiitpyXKuyQiCDo,
We're All Alone In This Together,"['Dave', 'Stormzy']",1,251733,FALSE,TRUE,{'isrc': 'GBUM72103840'},{'spotify': 'https://open.spotify.com/track/2zxEc1GCSCxbHIXTfhraRC'},https://api.spotify.com/v1/tracks/2zxEc1GCSCxbHIXTfhraRC,2zxEc1GCSCxbHIXTfhraRC,FALSE,Clash (feat. Stormzy),72,https://p.scdn.co/mp3-preview/19748abfa448cb1918bef98b218880b44d616eb5?cid=616b3b0f6c8a4ae3984ad23275a44dfb,TRUE,3,track,spotify:track:2zxEc1GCSCxbHIXTfhraRC,
#DIY,"['Trettmann', 'KitschKrieg', 'SFR', 'Bonez MC', 'RAF Camora']",1,221990,FALSE,FALSE,{'isrc': 'DEZ651712150'},{'spotify': 'https://open.spotify.com/track/5D6iREVOy7z4c569cGMNGA'},https://api.spotify.com/v1/tracks/5D6iREVOy7z4c569cGMNGA,5D6iREVOy7z4c569cGMNGA,FALSE,GottSeiDank (feat. Bonez MC & RAF Camora),54,https://p.scdn.co/mp3-preview/3832ffaabd31a7dd24e944a373501a8a58cb923f?cid=616b3b0f6c8a4ae3984ad23275a44dfb,TRUE,6,track,spotify:track:5D6iREVOy7z4c569cGMNGA,
Mila 809,['Ashh'],1,150356,FALSE,TRUE,{'isrc': 'FR8PB1700040'},{'spotify': 'https://open.spotify.com/track/5UM7HBNH3Y3YJY9I52lsTx'},https://api.spotify.com/v1/tracks/5UM7HBNH3Y3YJY9I52lsTx,5UM7HBNH3Y3YJY9I52lsTx,FALSE,Saisons,37,https://p.scdn.co/mp3-preview/fc162a586418bfe472be3e2d4a4b6bf9725d21b1?cid=616b3b0f6c8a4ae3984ad23275a44dfb,TRUE,1,track,spotify:track:5UM7HBNH3Y3YJY9I52lsTx,
Six Speed,['Current Blue'],1,120000,FALSE,TRUE,{'isrc': 'QZDA61915993'},{'spotify': 'https://open.spotify.com/track/38loOBAgDgCW4pFWyH9cey'},https://api.spotify.com/v1/tracks/38loOBAgDgCW4pFWyH9cey,38loOBAgDgCW4pFWyH9cey,FALSE,Six Speed,51,https://p.scdn.co/mp3-preview/2f1a7dfcb55349f81c8724c42c57bb7b7db1bdb5?cid=616b3b0f6c8a4ae3984ad23275a44dfb,TRUE,1,track,spotify:track:38loOBAgDgCW4pFWyH9cey,
Shock Value,"['Timbaland', 'Keri Hilson', 'D.O.E.']",1,179120,FALSE,FALSE,{'isrc': 'USUM70722806'},{'spotify': 'https://open.spotify.com/track/2bLqfJjuC5syrsgDsZfGmn'},https://api.spotify.com/v1/tracks/2bLqfJjuC5syrsgDsZfGmn,2bLqfJjuC5syrsgDsZfGmn,FALSE,The Way I Are,82,https://p.scdn.co/mp3-preview/8fa73c7e5d3af61f95760a9821e97095919f33ee?cid=616b3b0f6c8a4ae3984ad23275a44dfb,TRUE,4,track,spotify:track:2bLqfJjuC5syrsgDsZfGmn,
#DIY,"['Trettmann', 'KitschKrieg', 'SFR']",1,181466,FALSE,FALSE,{'isrc': 'DEZ651712148'},{'spotify': 'https://open.spotify.com/track/24jJjYhw8aCVhSLBzjoAHv'},https://api.spotify.com/v1/tracks/24jJjYhw8aCVhSLBzjoAHv,24jJjYhw8aCVhSLBzjoAHv,FALSE,Billie Holiday,49,https://p.scdn.co/mp3-preview/76c5d6f82306fbf13a7bf5d5f53e82be1f6e4c6f?cid=616b3b0f6c8a4ae3984ad23275a44dfb,TRUE,4,track,spotify:track:24jJjYhw8aCVhSLBzjoAHv,
Big Willie Style,['Will Smith'],1,197560,FALSE,FALSE,{'isrc': 'USSM19702697'},{'spotify': 'https://open.spotify.com/track/6e8Ou0wiqAzIpWb2eSxll8'},https://api.spotify.com/v1/tracks/6e8Ou0wiqAzIpWb2eSxll8,6e8Ou0wiqAzIpWb2eSxll8,FALSE,Miami,70,https://p.scdn.co/mp3-preview/8f8766fb3a40bd35a442867e031d59b7be9da8d6?cid=616b3b0f6c8a4ae3984ad23275a44dfb,TRUE,8,track,spotify:track:6e8Ou0wiqAzIpWb2eSxll8,
No Peace,"['The Silhouettes Project', 'Kieron Boothe', 'Morgan Lorelle', 'Purple Cloud']",1,216253,FALSE,FALSE,{'isrc': 'DEGC62002363'},{'spotify': 'https://open.spotify.com/track/6XXdQvKofy7i6BuMC4we1t'},https://api.spotify.com/v1/tracks/6XXdQvKofy7i6BuMC4we1t,6XXdQvKofy7i6BuMC4we1t,FALSE,No Peace,0,,TRUE,1,track,spotify:track:6XXdQvKofy7i6BuMC4we1t,[]
Mila 809,['Ashh'],1,221985,FALSE,TRUE,{'isrc': 'FR8PB1700010'},{'spotify': 'https://open.spotify.com/track/4l1Uz65pAxfYRvT5esJYy2'},https://api.spotify.com/v1/tracks/4l1Uz65pAxfYRvT5esJYy2,4l1Uz65pAxfYRvT5esJYy2,FALSE,Lolita,60,https://p.scdn.co/mp3-preview/d9a50469e798ba2fae274a7e9d4a59f53bea6c03?cid=616b3b0f6c8a4ae3984ad23275a44dfb,TRUE,6,track,spotify:track:4l1Uz65pAxfYRvT5esJYy2,
#DIY,"['Trettmann', 'KitschKrieg', 'SFR']",1,325240,FALSE,FALSE,{'isrc': 'DEZ651712154'},{'spotify': 'https://open.spotify.com/track/3OZeYGQGaV5zubSr0cZJAR'},https://api.spotify.com/v1/tracks/3OZeYGQGaV5zubSr0cZJAR,3OZeYGQGaV5zubSr0cZJAR,FALSE,Geh ran,43,https://p.scdn.co/mp3-preview/12c93c6bbfc6681f08ea4bc17eaf4085200a65dc?cid=616b3b0f6c8a4ae3984ad23275a44dfb,TRUE,10,track,spotify:track:3OZeYGQGaV5zubSr0cZJAR,
ERYS (Deluxe),"['Jaden', 'WILLOW']",1,270960,FALSE,TRUE,{'isrc': 'QMJMT1902190'},{'spotify': 'https://open.spotify.com/track/6XNANAB7sFvkfho6bMCp7o'},https://api.spotify.com/v1/tracks/6XNANAB7sFvkfho6bMCp7o,6XNANAB7sFvkfho6bMCp7o,FALSE,Summertime In Paris,69,https://p.scdn.co/mp3-preview/0374457da1553f5e0ee32bb8069d48576ad5daf2?cid=616b3b0f6c8a4ae3984ad23275a44dfb,TRUE,11,track,spotify:track:6XNANAB7sFvkfho6bMCp7o,
When the Sun Comes Out,"['kadiata', 'Sam Wise']",1,253125,FALSE,TRUE,{'isrc': 'GBENL1802307'},{'spotify': 'https://open.spotify.com/track/6MKGLdsfyFJlmdPRI78adp'},https://api.spotify.com/v1/tracks/6MKGLdsfyFJlmdPRI78adp,6MKGLdsfyFJlmdPRI78adp,FALSE,When the Sun Comes Out,43,https://p.scdn.co/mp3-preview/dd69be8ec3ff846a0236861892a2730a7d44296c?cid=616b3b0f6c8a4ae3984ad23275a44dfb,TRUE,1,track,spotify:track:6MKGLdsfyFJlmdPRI78adp,
Konnichiwa,['Skepta'],1,188938,FALSE,TRUE,{'isrc': 'GB7QY1500024'},{'spotify': 'https://open.spotify.com/track/44GokgCa37BTZP2NU2zkoJ'},https://api.spotify.com/v1/tracks/44GokgCa37BTZP2NU2zkoJ,44GokgCa37BTZP2NU2zkoJ,FALSE,Shutdown,62,https://p.scdn.co/mp3-preview/315c8acc07fb9f4e0bf602ea0f9129f80c29282e?cid=616b3b0f6c8a4ae3984ad23275a44dfb,TRUE,9,track,spotify:track:44GokgCa37BTZP2NU2zkoJ,
#DIY,"['Trettmann', 'KitschKrieg', 'SFR']",1,237455,FALSE,FALSE,{'isrc': 'DEZ651712147'},{'spotify': 'https://open.spotify.com/track/2gaHAv8a7eDlsZra2g2J1l'},https://api.spotify.com/v1/tracks/2gaHAv8a7eDlsZra2g2J1l,2gaHAv8a7eDlsZra2g2J1l,FALSE,Grauer Beton,52,https://p.scdn.co/mp3-preview/31022a032ddb75bfe7e3f889f078020530248f2a?cid=616b3b0f6c8a4ae3984ad23275a44dfb,TRUE,3,track,spotify:track:2gaHAv8a7eDlsZra2g2J1l,
dont smile at me,['Billie Eilish'],1,203569,FALSE,FALSE,{'isrc': 'USUM71707712'},{'spotify': 'https://open.spotify.com/track/41zXlQxzTi6cGAjpOXyLYH'},https://api.spotify.com/v1/tracks/41zXlQxzTi6cGAjpOXyLYH,41zXlQxzTi6cGAjpOXyLYH,FALSE,idontwannabeyouanymore,81,https://p.scdn.co/mp3-preview/368d39c2702293186291d7d9f0be7a3a0387fe3a?cid=616b3b0f6c8a4ae3984ad23275a44dfb,TRUE,2,track,spotify:track:41zXlQxzTi6cGAjpOXyLYH,
Acid Rap,"['Chance the Rapper', 'Nate Fox']",1,139406,FALSE,TRUE,{'isrc': 'QMEZE1949601'},{'spotify': 'https://open.spotify.com/track/4ygQUye7obtqhSltSxp18H'},https://api.spotify.com/v1/tracks/4ygQUye7obtqhSltSxp18H,4ygQUye7obtqhSltSxp18H,FALSE,Pusha Man,50,https://p.scdn.co/mp3-preview/639e68b866f42cfc88b96c4ba46f254954effcb1?cid=616b3b0f6c8a4ae3984ad23275a44dfb,TRUE,2,track,spotify:track:4ygQUye7obtqhSltSxp18H,
Circles,['Mac Miller'],1,209440,FALSE,TRUE,{'isrc': 'USWB11801009'},{'spotify': 'https://open.spotify.com/track/2hwOoMtWPtTSSn6WHV7Vp5'},https://api.spotify.com/v1/tracks/2hwOoMtWPtTSSn6WHV7Vp5,2hwOoMtWPtTSSn6WHV7Vp5,FALSE,Blue World,75,https://p.scdn.co/mp3-preview/c6826391e211c913320ad447dd187aa9c4d6414d?cid=616b3b0f6c8a4ae3984ad23275a44dfb,TRUE,3,track,spotify:track:2hwOoMtWPtTSSn6WHV7Vp5,
#DIY,"['Trettmann', 'KitschKrieg', 'SFR']",1,226917,FALSE,FALSE,{'isrc': 'DEZ651712152'},{'spotify': 'https://open.spotify.com/track/5KDa6clXFARrCU0H71qCnu'},https://api.spotify.com/v1/tracks/5KDa6clXFARrCU0H71qCnu,5KDa6clXFARrCU0H71qCnu,FALSE,New York,49,https://p.scdn.co/mp3-preview/6436fb41852c83b5acd75d4f8fc581e4a5f1ef21?cid=616b3b0f6c8a4ae3984ad23275a44dfb,TRUE,8,track,spotify:track:5KDa6clXFARrCU0H71qCnu,
YUUUU,"['Busta Rhymes', 'Anderson .Paak']",1,213472,FALSE,TRUE,{'isrc': 'USUYG1333230'},{'spotify': 'https://open.spotify.com/track/18Ks9kGu8LrcVoZP6M3CNK'},https://api.spotify.com/v1/tracks/18Ks9kGu8LrcVoZP6M3CNK,18Ks9kGu8LrcVoZP6M3CNK,FALSE,YUUUU,46,https://p.scdn.co/mp3-preview/50e50e2682794f108285127da5cea3dcf4ca93be?cid=616b3b0f6c8a4ae3984ad23275a44dfb,TRUE,1,track,spotify:track:18Ks9kGu8LrcVoZP6M3CNK,
Acid Rap,"['Chance the Rapper', 'VIC MENSA', 'Twista']",1,307187,FALSE,TRUE,{'isrc': 'QMEZE1949603'},{'spotify': 'https://open.spotify.com/track/0aMHIW1lqrulVCx0LLlr6a'},https://api.spotify.com/v1/tracks/0aMHIW1lqrulVCx0LLlr6a,0aMHIW1lqrulVCx0LLlr6a,FALSE,Cocoa Butter Kisses,69,https://p.scdn.co/mp3-preview/ffb35cd39db5ff4229af5933994d4d631252ddaf?cid=616b3b0f6c8a4ae3984ad23275a44dfb,TRUE,4,track,spotify:track:0aMHIW1lqrulVCx0LLlr6a,
Yesterday's Gone,"['Loyle Carner', 'Tom Misch']",1,172653,FALSE,TRUE,{'isrc': 'GBUM71605992'},{'spotify': 'https://open.spotify.com/track/32sBVB5HmrwJ6e9g0S2BRL'},https://api.spotify.com/v1/tracks/32sBVB5HmrwJ6e9g0S2BRL,32sBVB5HmrwJ6e9g0S2BRL,FALSE,Damselfly,65,https://p.scdn.co/mp3-preview/7729050f9a47e02877bc1e3224ac99e5a873a546?cid=616b3b0f6c8a4ae3984ad23275a44dfb,TRUE,4,track,spotify:track:32sBVB5HmrwJ6e9g0S2BRL,
#DIY,"['Trettmann', 'KitschKrieg', 'SFR']",1,193040,FALSE,FALSE,{'isrc': 'DEZ651712149'},{'spotify': 'https://open.spotify.com/track/0ycFt3ZOU7sOXCJeprNEdX'},https://api.spotify.com/v1/tracks/0ycFt3ZOU7sOXCJeprNEdX,0ycFt3ZOU7sOXCJeprNEdX,FALSE,Dumplin & Callaloo,41,https://p.scdn.co/mp3-preview/9eedf5c7aacbd5dba2e7958df675e0f8c049b8c4?cid=616b3b0f6c8a4ae3984ad23275a44dfb,TRUE,5,track,spotify:track:0ycFt3ZOU7sOXCJeprNEdX,
Don't Rush (feat. DaBaby),"['Young T & Bugsey', 'DaBaby']",1,201960,FALSE,TRUE,{'isrc': 'GBARL2000626'},{'spotify': 'https://open.spotify.com/track/3AMxuq6id3YGB57eWeheZQ'},https://api.spotify.com/v1/tracks/3AMxuq6id3YGB57eWeheZQ,3AMxuq6id3YGB57eWeheZQ,FALSE,Don't Rush (feat. DaBaby),64,https://p.scdn.co/mp3-preview/979038a64407f83f150442b7a8ffd74b771249a1?cid=616b3b0f6c8a4ae3984ad23275a44dfb,TRUE,1,track,spotify:track:3AMxuq6id3YGB57eWeheZQ,
Acid Rap,"['Chance the Rapper', 'Nosaj Thing']",1,275281,FALSE,TRUE,{'isrc': 'QMEZE1949602'},{'spotify': 'https://open.spotify.com/track/6Oe5tmI1bfguCp6dKHbSj6'},https://api.spotify.com/v1/tracks/6Oe5tmI1bfguCp6dKHbSj6,6Oe5tmI1bfguCp6dKHbSj6,FALSE,Paranoia,52,https://p.scdn.co/mp3-preview/b4295f9f3c25708905f048bc845f82673c780a8f?cid=616b3b0f6c8a4ae3984ad23275a44dfb,TRUE,3,track,spotify:track:6Oe5tmI1bfguCp6dKHbSj6,
Beige,"['TOBi', 'Harrison']",1,171000,FALSE,TRUE,{'isrc': 'USRC11902826'},{'spotify': 'https://open.spotify.com/track/55kxuWtCLOZ9LD7paQylnO'},https://api.spotify.com/v1/tracks/55kxuWtCLOZ9LD7paQylnO,55kxuWtCLOZ9LD7paQylnO,FALSE,Beige,29,https://p.scdn.co/mp3-preview/a3af8f20f1de5374ed1abaf8702dc242aab6c653?cid=616b3b0f6c8a4ae3984ad23275a44dfb,TRUE,1,track,spotify:track:55kxuWtCLOZ9LD7paQylnO,
Lady Lady,"['Masego', 'FKJ']",1,301893,FALSE,FALSE,{'isrc': 'QM24S1703810'},{'spotify': 'https://open.spotify.com/track/51rPRW8NjxZoWPPjnRGzHw'},https://api.spotify.com/v1/tracks/51rPRW8NjxZoWPPjnRGzHw,51rPRW8NjxZoWPPjnRGzHw,FALSE,Tadow,75,https://p.scdn.co/mp3-preview/074dab958ebbd38d5fea18b54f46eff683722e7d?cid=616b3b0f6c8a4ae3984ad23275a44dfb,TRUE,13,track,spotify:track:51rPRW8NjxZoWPPjnRGzHw,
Broke with Expensive Taste,"['Azealia Banks', 'Lazy Jay']",1,204956,FALSE,TRUE,{'isrc': 'US5Z51400584'},{'spotify': 'https://open.spotify.com/track/16EMONl2vH3rt9f4ehTG8g'},https://api.spotify.com/v1/tracks/16EMONl2vH3rt9f4ehTG8g,16EMONl2vH3rt9f4ehTG8g,FALSE,212,70,https://p.scdn.co/mp3-preview/6137004dc8ad1ca744abeda741208133b3cfdd26?cid=616b3b0f6c8a4ae3984ad23275a44dfb,TRUE,5,track,spotify:track:16EMONl2vH3rt9f4ehTG8g,
Little More Love,['AJ Tracey'],1,160000,FALSE,TRUE,{'isrc': 'UKQNW2100011'},{'spotify': 'https://open.spotify.com/track/01SyViM4lbRtUS9h5Vq1Zy'},https://api.spotify.com/v1/tracks/01SyViM4lbRtUS9h5Vq1Zy,01SyViM4lbRtUS9h5Vq1Zy,FALSE,Little More Love,55,https://p.scdn.co/mp3-preview/8143fd89484869caadd7b9b11397c6c0f4efb154?cid=616b3b0f6c8a4ae3984ad23275a44dfb,TRUE,1,track,spotify:track:01SyViM4lbRtUS9h5Vq1Zy,
Imaginary Appalachia,['Colter Wall'],1,236026,FALSE,FALSE,{'isrc': 'CA55J1542007'},{'spotify': 'https://open.spotify.com/track/7hlA8gMMz6jSp91Twsnuv3'},https://api.spotify.com/v1/tracks/7hlA8gMMz6jSp91Twsnuv3,7hlA8gMMz6jSp91Twsnuv3,FALSE,The Devil Wears a Suit and Tie,68,https://p.scdn.co/mp3-preview/c5379e2845522f5a22f89aacedd8c35659b66f81?cid=616b3b0f6c8a4ae3984ad23275a44dfb,TRUE,7,track,spotify:track:7hlA8gMMz6jSp91Twsnuv3,
2,['Mac DeMarco'],1,233817,FALSE,FALSE,{'isrc': 'QMMZN1200050'},{'spotify': 'https://open.spotify.com/track/601KiLiZtBJRTXBrTjeieP'},https://api.spotify.com/v1/tracks/601KiLiZtBJRTXBrTjeieP,601KiLiZtBJRTXBrTjeieP,FALSE,Ode to Viceroy,0,,TRUE,5,track,spotify:track:601KiLiZtBJRTXBrTjeieP,[]
Stereo Love,"['Edward Maya', 'Vika Jigulina']",1,184000,FALSE,FALSE,{'isrc': 'ROCMA0901772'},{'spotify': 'https://open.spotify.com/track/5RfBhOGNbbXT5LiIvbHLhN'},https://api.spotify.com/v1/tracks/5RfBhOGNbbXT5LiIvbHLhN,5RfBhOGNbbXT5LiIvbHLhN,FALSE,Stereo Love - Radio Edit,52,https://p.scdn.co/mp3-preview/ca37e5cdeee26003f889b47c3063bb11bce58e8c?cid=616b3b0f6c8a4ae3984ad23275a44dfb,TRUE,1,track,spotify:track:5RfBhOGNbbXT5LiIvbHLhN,
Waze (feat. SL) [Edit],"['Avelino', 'SL']",1,185402,FALSE,TRUE,{'isrc': 'GBARL2100572'},{'spotify': 'https://open.spotify.com/track/3p6ydJJHynHAR4p8Ty1hvs'},https://api.spotify.com/v1/tracks/3p6ydJJHynHAR4p8Ty1hvs,3p6ydJJHynHAR4p8Ty1hvs,FALSE,Waze (feat. SL) - Edit,35,https://p.scdn.co/mp3-preview/6c57bb49695bde1657209e935cbdf2f9a70ba50b?cid=616b3b0f6c8a4ae3984ad23275a44dfb,TRUE,1,track,spotify:track:3p6ydJJHynHAR4p8Ty1hvs,
Now You're Gone,['Basshunter'],1,200560,FALSE,FALSE,{'isrc': 'SEPQA0651310'},{'spotify': 'https://open.spotify.com/track/4zRLaTteTwicKINZOtPVlj'},https://api.spotify.com/v1/tracks/4zRLaTteTwicKINZOtPVlj,4zRLaTteTwicKINZOtPVlj,FALSE,DotA,0,,TRUE,14,track,spotify:track:4zRLaTteTwicKINZOtPVlj,[]
TESTING,"['A$AP Rocky', 'Skepta']",1,205040,FALSE,TRUE,{'isrc': 'USRC11800930'},{'spotify': 'https://open.spotify.com/track/7ycWLEP1GsNjVvcjawXz3z'},https://api.spotify.com/v1/tracks/7ycWLEP1GsNjVvcjawXz3z,7ycWLEP1GsNjVvcjawXz3z,FALSE,Praise The Lord (Da Shine) (feat. Skepta),82,https://p.scdn.co/mp3-preview/7bbefebca9a14faaf3fa49e25d8243a7fa2e79dd?cid=616b3b0f6c8a4ae3984ad23275a44dfb,TRUE,5,track,spotify:track:7ycWLEP1GsNjVvcjawXz3z,
We're All Alone In This Together,['Dave'],1,182285,FALSE,TRUE,{'isrc': 'GBUM72104336'},{'spotify': 'https://open.spotify.com/track/7IPKXYU2rTMnrLW5IZ7ZI5'},https://api.spotify.com/v1/tracks/7IPKXYU2rTMnrLW5IZ7ZI5,7IPKXYU2rTMnrLW5IZ7ZI5,FALSE,Verdansk,70,https://p.scdn.co/mp3-preview/072df5cf54c7cbb3ac4798eac6a429b322964234?cid=616b3b0f6c8a4ae3984ad23275a44dfb,TRUE,2,track,spotify:track:7IPKXYU2rTMnrLW5IZ7ZI5,
Going up the Coast,['Clay and Friends'],1,174613,FALSE,FALSE,{'isrc': 'CAIKK1800001'},{'spotify': 'https://open.spotify.com/track/2bTvNKT8bxyyPhzHu4A2Wx'},https://api.spotify.com/v1/tracks/2bTvNKT8bxyyPhzHu4A2Wx,2bTvNKT8bxyyPhzHu4A2Wx,FALSE,Going up the Coast,56,https://p.scdn.co/mp3-preview/6ceafddf145c1fac76f8088fd26d48b2db2cdec6?cid=616b3b0f6c8a4ae3984ad23275a44dfb,TRUE,1,track,spotify:track:2bTvNKT8bxyyPhzHu4A2Wx,
Sleeping With Roses II,['Chelsea Cutler'],1,184040,FALSE,FALSE,{'isrc': 'TCADY1804631'},{'spotify': 'https://open.spotify.com/track/0ppSBkcjCsfVCXsAPYDAk0'},https://api.spotify.com/v1/tracks/0ppSBkcjCsfVCXsAPYDAk0,0ppSBkcjCsfVCXsAPYDAk0,FALSE,AF1s,0,,TRUE,4,track,spotify:track:0ppSBkcjCsfVCXsAPYDAk0,[]
Views,"['Drake', 'Wizkid', 'Kyla']",1,173986,FALSE,FALSE,{'isrc': 'USCM51600028'},{'spotify': 'https://open.spotify.com/track/1zi7xx7UVEFkmKfv06H8x0'},https://api.spotify.com/v1/tracks/1zi7xx7UVEFkmKfv06H8x0,1zi7xx7UVEFkmKfv06H8x0,FALSE,One Dance,85,https://p.scdn.co/mp3-preview/b96700a9da12df888cfb2ccd8b180183d740a5a8?cid=616b3b0f6c8a4ae3984ad23275a44dfb,TRUE,12,track,spotify:track:1zi7xx7UVEFkmKfv06H8x0,
Berhana,['Berhana'],1,261102,FALSE,TRUE,{'isrc': 'USYBL1600647'},{'spotify': 'https://open.spotify.com/track/1x1BKrrpq7CfOZPBeUsx16'},https://api.spotify.com/v1/tracks/1x1BKrrpq7CfOZPBeUsx16,1x1BKrrpq7CfOZPBeUsx16,FALSE,Grey Luh,54,https://p.scdn.co/mp3-preview/c7db02b6a1df155decda951e9b0e1160d1de221e?cid=616b3b0f6c8a4ae3984ad23275a44dfb,TRUE,6,track,spotify:track:1x1BKrrpq7CfOZPBeUsx16,
Bucket List Project,"['Saba', 'Jean Deaux']",1,201732,FALSE,TRUE,{'isrc': 'USUYG1115900'},{'spotify': 'https://open.spotify.com/track/3DlgDXIYtnWtJKiB8bZQMv'},https://api.spotify.com/v1/tracks/3DlgDXIYtnWtJKiB8bZQMv,3DlgDXIYtnWtJKiB8bZQMv,FALSE,Photosynthesis,65,https://p.scdn.co/mp3-preview/73018970fe1d9e0711fbfa87da1af82bd1f85a6b?cid=616b3b0f6c8a4ae3984ad23275a44dfb,TRUE,8,track,spotify:track:3DlgDXIYtnWtJKiB8bZQMv,
Bounce,"['Hartman', 'King Majik', 'Bawse']",1,179422,FALSE,FALSE,{'isrc': 'NLYK92000007'},{'spotify': 'https://open.spotify.com/track/7pZVrdmrhJiWK3Jao1M2vc'},https://api.spotify.com/v1/tracks/7pZVrdmrhJiWK3Jao1M2vc,7pZVrdmrhJiWK3Jao1M2vc,FALSE,Bounce,16,https://p.scdn.co/mp3-preview/d8be2ab0cfe6cc7d815acb4fe70f73cfa4b74b2f?cid=616b3b0f6c8a4ae3984ad23275a44dfb,TRUE,1,track,spotify:track:7pZVrdmrhJiWK3Jao1M2vc,
Limbo,['Aminé'],1,143152,FALSE,TRUE,{'isrc': 'USUM72013373'},{'spotify': 'https://open.spotify.com/track/4FFC7McrnnwAWKbAqbckTP'},https://api.spotify.com/v1/tracks/4FFC7McrnnwAWKbAqbckTP,4FFC7McrnnwAWKbAqbckTP,FALSE,Woodlawn,59,https://p.scdn.co/mp3-preview/1415304ec768705c4a937e52d9348226d1069cd4?cid=616b3b0f6c8a4ae3984ad23275a44dfb,TRUE,2,track,spotify:track:4FFC7McrnnwAWKbAqbckTP,
Acid Rap,"['Chance the Rapper', 'BJ The Chicago Kid', 'Lili K']",1,239250,FALSE,TRUE,{'isrc': 'QMEZE1949600'},{'spotify': 'https://open.spotify.com/track/23Ij3xEFmYkRl00dDJCVMP'},https://api.spotify.com/v1/tracks/23Ij3xEFmYkRl00dDJCVMP,23Ij3xEFmYkRl00dDJCVMP,FALSE,Good Ass Intro,53,https://p.scdn.co/mp3-preview/e46c0d52e79cbbf1ebc558ec6d50a8cff771967f?cid=616b3b0f6c8a4ae3984ad23275a44dfb,TRUE,1,track,spotify:track:23Ij3xEFmYkRl00dDJCVMP,
SHAKE THE SNOW GLOBE,"['Russ', 'BIA']",2,160720,FALSE,TRUE,{'isrc': 'USSM11913145'},{'spotify': 'https://open.spotify.com/track/0xKBkLcF71uUQeTA7FSu4A'},https://api.spotify.com/v1/tracks/0xKBkLcF71uUQeTA7FSu4A,0xKBkLcF71uUQeTA7FSu4A,FALSE,BEST ON EARTH (feat. BIA) - Bonus,68,https://p.scdn.co/mp3-preview/32d8b56d8415ca0e5db4def9a7e5ddaa5f6feb8f?cid=616b3b0f6c8a4ae3984ad23275a44dfb,TRUE,2,track,spotify:track:0xKBkLcF71uUQeTA7FSu4A,
Not Mine / No Rush,"['A2', 'Etta Bond']",1,247375,FALSE,TRUE,{'isrc': 'FR59R2102756'},{'spotify': 'https://open.spotify.com/track/7B0qxjKIOWM5gJ8uuwcvyE'},https://api.spotify.com/v1/tracks/7B0qxjKIOWM5gJ8uuwcvyE,7B0qxjKIOWM5gJ8uuwcvyE,FALSE,No Rush,15,https://p.scdn.co/mp3-preview/8706d919349e76515ea82808a9b7145dbeaa0e81?cid=616b3b0f6c8a4ae3984ad23275a44dfb,TRUE,2,track,spotify:track:7B0qxjKIOWM5gJ8uuwcvyE,
Tropical,['SL'],1,180062,FALSE,TRUE,{'isrc': 'GBLFP1797885'},{'spotify': 'https://open.spotify.com/track/3qIxnOusGoTpHvNVMLHscw'},https://api.spotify.com/v1/tracks/3qIxnOusGoTpHvNVMLHscw,3qIxnOusGoTpHvNVMLHscw,FALSE,Tropical,73,https://p.scdn.co/mp3-preview/a23f15b89e936b690df0433349b6eb2d29f29c47?cid=616b3b0f6c8a4ae3984ad23275a44dfb,TRUE,1,track,spotify:track:3qIxnOusGoTpHvNVMLHscw,
Leftovers,['Dennis Lloyd'],1,192628,FALSE,FALSE,{'isrc': 'uscgh1715635'},{'spotify': 'https://open.spotify.com/track/0dcuGoAIPAT7OrP5CGSVBA'},https://api.spotify.com/v1/tracks/0dcuGoAIPAT7OrP5CGSVBA,0dcuGoAIPAT7OrP5CGSVBA,FALSE,Leftovers,61,https://p.scdn.co/mp3-preview/f5ce606aa82303bece55faac357f0ca398a9e1c6?cid=616b3b0f6c8a4ae3984ad23275a44dfb,TRUE,1,track,spotify:track:0dcuGoAIPAT7OrP5CGSVBA,
In the Shape of a Dream,['ayokay'],1,192546,FALSE,FALSE,{'isrc': 'USSM11802825'},{'spotify': 'https://open.spotify.com/track/1wRSOWVqpLIrMCo4vevEef'},https://api.spotify.com/v1/tracks/1wRSOWVqpLIrMCo4vevEef,1wRSOWVqpLIrMCo4vevEef,FALSE,Swing Swing,47,https://p.scdn.co/mp3-preview/56820ccf31542368391f5331a7513c7970ee7bad?cid=616b3b0f6c8a4ae3984ad23275a44dfb,TRUE,2,track,spotify:track:1wRSOWVqpLIrMCo4vevEef,
Oblivion,['T-Pain'],1,144752,FALSE,TRUE,{'isrc': 'USRC11703085'},{'spotify': 'https://open.spotify.com/track/5xyVUVbr3UJ6Fi3AoCRYgw'},https://api.spotify.com/v1/tracks/5xyVUVbr3UJ6Fi3AoCRYgw,5xyVUVbr3UJ6Fi3AoCRYgw,FALSE,Who Died,0,,TRUE,1,track,spotify:track:5xyVUVbr3UJ6Fi3AoCRYgw,[]
Mozambique (feat. Jaykae & Moonchild Sanelly),"['Ghetts', 'Jaykae', 'Moonchild Sanelly']",1,249680,FALSE,TRUE,{'isrc': 'GBAHT2000270'},{'spotify': 'https://open.spotify.com/track/0M9jP4EU62RY40mQCxK8AT'},https://api.spotify.com/v1/tracks/0M9jP4EU62RY40mQCxK8AT,0M9jP4EU62RY40mQCxK8AT,FALSE,Mozambique (feat. Jaykae & Moonchild Sanelly) - Single Version,42,https://p.scdn.co/mp3-preview/85e90aa70ce516884c424f98200e34e0bf8c8878?cid=616b3b0f6c8a4ae3984ad23275a44dfb,TRUE,1,track,spotify:track:0M9jP4EU62RY40mQCxK8AT,
CHERISH,['Jay Prince'],1,212866,FALSE,TRUE,{'isrc': 'SE5VF1800116'},{'spotify': 'https://open.spotify.com/track/49q1cx7bCJ53daNU3lENe7'},https://api.spotify.com/v1/tracks/49q1cx7bCJ53daNU3lENe7,49q1cx7bCJ53daNU3lENe7,FALSE,In The Morning,46,https://p.scdn.co/mp3-preview/080be708338808cf36f0bb7d8a80b01a690a33c7?cid=616b3b0f6c8a4ae3984ad23275a44dfb,TRUE,2,track,spotify:track:49q1cx7bCJ53daNU3lENe7,
Dark Days (feat. Kojey Radical),"['Che Lingo', 'Kojey Radical']",1,182640,FALSE,TRUE,{'isrc': 'UKS3T2000030'},{'spotify': 'https://open.spotify.com/track/5DnO74JMfDrGasa0DWXqyc'},https://api.spotify.com/v1/tracks/5DnO74JMfDrGasa0DWXqyc,5DnO74JMfDrGasa0DWXqyc,FALSE,Dark Days (feat. Kojey Radical),0,,TRUE,1,track,spotify:track:5DnO74JMfDrGasa0DWXqyc,[]
Yesterday,['Loyle Carner'],1,168654,FALSE,FALSE,{'isrc': 'GBUM72005335'},{'spotify': 'https://open.spotify.com/track/0pRyOQjr12h9RBEFmhbTQc'},https://api.spotify.com/v1/tracks/0pRyOQjr12h9RBEFmhbTQc,0pRyOQjr12h9RBEFmhbTQc,FALSE,Yesterday,59,https://p.scdn.co/mp3-preview/29a0727f9f380643c72e7c6019bead988d3d4ee5?cid=616b3b0f6c8a4ae3984ad23275a44dfb,TRUE,1,track,spotify:track:0pRyOQjr12h9RBEFmhbTQc,
Home For Now,['Benji Lewis'],1,222439,FALSE,FALSE,{'isrc': 'USCGH1748607'},{'spotify': 'https://open.spotify.com/track/4Sf23jc43dY15uoRQ4fWjf'},https://api.spotify.com/v1/tracks/4Sf23jc43dY15uoRQ4fWjf,4Sf23jc43dY15uoRQ4fWjf,FALSE,Drift,30,,TRUE,2,track,spotify:track:4Sf23jc43dY15uoRQ4fWjf,[]
Konnichiwa,"['Skepta', 'Young Lord']",1,223411,FALSE,TRUE,{'isrc': 'GBSYA1400010'},{'spotify': 'https://open.spotify.com/track/26DdCbuwHRX1BgWeHQIn1C'},https://api.spotify.com/v1/tracks/26DdCbuwHRX1BgWeHQIn1C,26DdCbuwHRX1BgWeHQIn1C,FALSE,It Ain't Safe,57,https://p.scdn.co/mp3-preview/3b11c1e09a4b84234ea9fb115757726ea17fb5d0?cid=616b3b0f6c8a4ae3984ad23275a44dfb,TRUE,5,track,spotify:track:26DdCbuwHRX1BgWeHQIn1C,
